timestamp,yield,ghi,seasonal_baseline,seasonal_efficiency,is_healthy_seasonal
2024-01-01,540.68,8607.47,0.06564498066179295,0.06281520585458733,True
2024-01-02,480.4,7742.94,0.06559585849941842,0.0620436164994119,True
2024-01-03,548.92,8677.18,0.06556515517888799,0.06326018360074814,True
2024-01-04,528.69,8447.19,0.06555216611918964,0.06258767707810672,True
2024-01-05,489.4,7646.5,0.06554116739972274,0.06400313868253407,True
2024-01-06,535.94,8602.19,0.06548595295783054,0.06230273917894132,True
2024-01-07,385.69,6003.24,0.06545723527727879,0.06424697329038204,True
2024-01-08,557.48,8776.15,0.06541051311497308,0.06352215948183176,True
2024-01-09,498.45,8045.06,0.06544883944618586,0.061957275637228644,True
2024-01-10,549.58,8617.27,0.06539637811998868,0.06377657888591438,True
2024-01-11,524.54,8508.35,0.06534916692343061,0.06165002614353546,True
2024-01-12,517.39,8372.79,0.06528250152984753,0.06179421673518692,True
2024-01-13,531.05,8563.56,0.0652997307550955,0.0620127610407339,True
2024-01-14,431.61,7138.97,0.06525599181988977,0.060458301399157255,True
2024-01-15,525.75,8478.95,0.06513410788314283,0.06200649843883894,True
2024-01-16,534.9,8457.58,0.06510855194182161,0.06324504171840585,True
2024-01-17,536.04,8441.82,0.0650320205087853,0.06349815560347198,True
2024-01-18,526.57,8482.78,0.06493124806686495,0.06207516874632194,True
2024-01-19,504.71,8357.5,0.06491449780716851,0.06039006879325275,True
2024-01-20,443.73,7051.16,0.06494805765354884,0.06293007107157829,True
2024-01-21,514.1,8230.63,0.0649515127377545,0.06246180425283827,True
2024-01-22,520.91,8153.77,0.06499831424894567,0.06388578534053746,True
2024-01-23,507.71,8111.13,0.06492599456545675,0.06259423778652366,True
2024-01-24,484.13,7913.74,0.06473484386100065,0.06117587890666412,True
2024-01-25,505.2,8177.51,0.06462390999170424,0.061779196838428904,True
2024-01-26,422.04,6825.64,0.0645523316612974,0.06183156450357306,True
2024-01-27,445.19,7145.86,0.06450596343239497,0.062300408899376644,True
2024-01-28,448.64,7061.12,0.06441372645811132,0.06353666273005745,True
2024-01-29,446.21,7017.75,0.06431987836181437,0.06358305723863303,True
2024-01-30,475.69,7828.35,0.06377363735342756,0.06076503987931491,True
2024-01-31,444.51,7423.87,0.06360740346324031,0.05987577906672991,True
2024-02-01,458.54,7503.5,0.06282386225476015,0.06111014858917703,True
2024-02-02,463.95,7714.32,0.06295320402454925,0.060141399363762275,True
2024-02-03,418.42,6517.7,0.06303181327145378,0.06419749297080297,True
2024-02-04,438.23,6879.73,0.06293989636411924,0.0636987207254211,True
2024-02-05,419.87,6568.41,0.06291447015678732,0.0639226235780162,True
2024-02-06,185.31,7190.29,0.06284037657340587,0.02577225674822959,False
2024-02-08,120.39,7916.31,0.06283209506420938,0.01520784304616572,False
2024-02-09,412.57,6274.94,0.06298034643534443,0.06574883583496434,True
2024-02-10,532.72,7977.81,0.0630919952546311,0.06677521775189241,True
2024-02-11,513.88,7973.63,0.06267304284605361,0.0644474348490653,True
2024-02-12,509.58,7866.14,0.06263806147075252,0.06478145569939239,True
2024-02-13,498.6,7665.04,0.06272608093601297,0.06504858421286143,True
2024-02-14,400.45,6311.35,0.06336560691541944,0.0634491828113717,True
2024-02-15,409.7,6433.22,0.06354990762152957,0.06368505972690423,True
2024-02-16,357.69,5394.9,0.06437553156902451,0.06630150696652366,True
2024-02-17,471.93,7112.57,0.0643582812619002,0.06635154380676021,True
2024-02-18,508.21,7764.28,0.06438417133010318,0.06545487797124075,True
2024-02-19,494.84,7669.34,0.06393699604825671,0.0645218493293397,True
2024-02-20,438.67,6656.57,0.06365343823299542,0.06590030600355734,True
2024-02-21,501.28,7538.76,0.06318445487866234,0.06649369391431831,True
2024-02-22,501.29,7516.47,0.06297397429735818,0.0666922105633772,True
2024-02-23,485.15,7429.89,0.0626827544975482,0.06529706360857333,True
2024-02-24,275.06,4154.82,0.062265579530868684,0.06620262729403377,True
2024-02-25,335.11,4949.68,0.06189438583562042,0.06770336666861224,True
2024-03-04,83.18,1188.6,0.06323109919944049,0.06998149077067013,True
2024-03-05,372.93,6013.04,0.0638441675684281,0.062020209401231284,True
2024-03-06,411.8,5910.77,0.06435364513197521,0.06966943391983287,True
2024-03-07,339.02,4747.67,0.06498602099346172,0.07140765889975341,True
2024-03-08,385.05,5578.63,0.06540448625838088,0.06902232267258765,True
2024-03-09,478.86,6852.17,0.06597388276284559,0.06988443076136691,True
2024-03-10,483.42,6815.13,0.06643614671157931,0.07093334975694765,True
2024-03-11,460.48,6754.84,0.06672590117768312,0.0681703785629015,True
2024-03-12,436.18,6297.84,0.06666615306212664,0.06925866645242516,True
2024-03-13,426.54,6042.76,0.06691720656903048,0.07058695032227211,True
2024-03-14,447.53,6446.37,0.06676883318747485,0.06942356705100333,True
2024-03-15,438.41,6366.49,0.06671810616353833,0.06886212024697091,True
2024-03-16,425.16,6062.03,0.06681219185117446,0.07013492178855352,True
2024-03-17,437.81,6363.21,0.06684589257393021,0.06880332409761687,True
2024-03-18,403.35,6084.4,0.06680372533875155,0.06629248569024185,True
2024-03-19,417.71,6092.06,0.06694193872665054,0.06856629775994222,True
2024-03-20,367.04,5486.24,0.06703690902184391,0.06690192188695684,True
2024-03-21,396.31,5980.48,0.06708796538701174,0.0662672561288948,True
2024-03-22,331.45,4859.9,0.06720342410346297,0.06820099177592111,True
2024-03-23,240.94,3482.05,0.06711157399954533,0.06919487081770943,True
2024-03-24,271.86,3959.9,0.0671589348931183,0.06865324880207752,True
2024-03-25,384.05,5618.79,0.06717761709521249,0.06835101506403496,True
2024-03-26,382.54,5508.77,0.06729799801955383,0.06944199883650215,True
2024-03-27,395.74,5687.99,0.06726163902584499,0.06957466520342429,True
2024-03-28,390.12,5600.13,0.06733044282764805,0.069662668532755,True
2024-03-29,372.54,5364.21,0.06754044636290729,0.06944918262531684,True
2024-03-30,360.1,5410.05,0.06753540193955666,0.06656130718448788,True
2024-03-31,291.69,4219.22,0.06750210460082996,0.06913363131831626,True
2024-04-01,329.16,5008.84,0.06749796140854225,0.06571581442694999,True
2024-04-02,279.21,4207.13,0.06771294355473577,0.06636590738428193,True
2024-04-03,366.09,5526.97,0.0678692407227869,0.06623701592984274,True
2024-04-04,348.14,5232.08,0.06801902637342902,0.06653950244137331,True
2024-04-05,369.75,5328.34,0.06820176109440454,0.06939309427150048,True
2024-04-06,283.27,4138.81,0.06834758592745051,0.06844237834825893,True
2024-04-08,121.98,1841.32,0.06882960003225538,0.06624595395355183,True
2024-04-09,211.86,2940.52,0.06906356738603447,0.07204848119650659,True
2024-04-10,352.54,4936.42,0.06916584185808033,0.0714161274625303,True
2024-04-11,365.59,5146.22,0.0694326168207336,0.07104049184235409,True
2024-04-12,366.49,5126.21,0.0697083325432868,0.07149336447950955,True
2024-04-13,357.49,5017.78,0.06990212205390926,0.0712446539961408,True
2024-04-14,348.74,4949.65,0.07008146640744808,0.07045750708222652,True
2024-04-15,330.01,4720.96,0.070211262340539,0.06990315527564242,True
2024-04-16,331.11,4701.34,0.07024630878607689,0.07042885643871133,True
2024-04-17,240.78,3393.45,0.07009729328148638,0.07095433848415203,True
2024-04-18,292.04,4174.17,0.06999670358162202,0.06996360951519377,True
2024-04-19,303.52,4380.45,0.06987428061713549,0.06928968483391211,True
2024-04-20,160.04,2267.32,0.06977946283125322,0.07058553707876014,True
2024-04-21,285.14,4080.41,0.06967452191314026,0.06988023260655664,True
2024-04-22,256.84,3719.18,0.0696023502728286,0.06905823324790458,True
2024-04-23,232.35,3394.4,0.0695904975425124,0.06845097806138022,True
2024-04-24,253.67,3696.54,0.0695102677576893,0.06862363181011875,True
2024-04-25,302.04,4332.38,0.06961081393111024,0.06971687615820475,True
2024-04-26,287.68,4165.33,0.0695464465668432,0.06906535614967713,True
2024-04-27,161.48,2318.84,0.06953491102951609,0.06963826737953534,True
2024-04-28,239.83,3446.11,0.06955586190004093,0.06959441223013937,True
2024-04-29,281.22,4030.66,0.06931086482457557,0.0697702113128445,True
2024-04-30,217.94,3133.32,0.06931829474935196,0.06955561510807845,True
2024-05-01,216.47,3144.78,0.06940004622861293,0.06883470383656895,True
2024-05-02,263.88,3781.44,0.06955619128129342,0.06978293981399072,True
2024-05-03,150.64,2168.31,0.06968146544977533,0.06947346086607843,True
2024-05-04,181.7,2559.41,0.06982561475012643,0.07099292412274981,True
2024-05-05,280.01,3869.33,0.06991394233234792,0.07236653372228098,True
2024-05-06,163.31,2482.66,0.07000702914512953,0.06578025180017391,True
2024-05-07,101.46,1444.66,0.07004050475358312,0.07023105777814083,True
2024-05-08,266.57,3808.46,0.07003685687947955,0.06999417085383747,True
2024-05-09,273.65,3864.58,0.07015206476642662,0.07080976456152809,True
2024-05-10,93.35,1314.64,0.07026223675078198,0.07100803256328116,True
2024-05-11,262.34,3705.03,0.07037158616369446,0.07080644419321666,True
2024-05-12,261.67,3652.47,0.07032371152117804,0.07164192996201423,True
2024-05-13,261.18,3684.34,0.07027731008584202,0.07088922301663549,True
2024-05-14,242.42,3444.01,0.07051265793039148,0.07038887806063603,True
2024-05-15,228.88,3273.66,0.07058584777867558,0.06991562957976222,True
2024-05-16,229.27,3242.55,0.07063005178455625,0.07070669686798764,True
2024-05-17,219.26,3108.65,0.07059861905131865,0.07053222457641348,True
2024-05-18,236.79,3354.18,0.0705896017471475,0.0705954957484108,True
2024-05-19,227.76,3208.39,0.07054119636576012,0.07098887601850497,True
2024-05-20,219.77,3088.47,0.07048007573512627,0.07115821100054132,True
2024-05-21,94.53,1340.36,0.07046408747620778,0.07052582882917587,True
2024-05-22,177.67,2495.9,0.07049876408812754,0.07118474294996403,True
2024-05-23,191.63,2701.21,0.07057787257649249,0.07094228139576624,True
2024-05-24,213.1,3009.72,0.07065471984017634,0.07080392858112917,True
2024-05-25,220.92,3128.82,0.07066288304877896,0.07060808864983985,True
2024-05-26,211.07,3022.61,0.0706501875055539,0.06983037835849468,True
2024-05-27,219.72,3117.15,0.07075228952234817,0.07048746448823846,True
2024-05-28,209.31,3017.11,0.07077307368830384,0.06937433501948079,True
2024-05-29,190.46,2747.78,0.07078012678962138,0.06931413720555717,True
2024-05-30,194.67,2735.05,0.07070780247925541,0.07117602966264747,True
2024-05-31,180.58,2498.06,0.07079528397715676,0.07228809553321855,True
2024-06-01,217.43,3065.77,0.07082796765102113,0.07092182385797963,True
2024-06-02,198.63,2783.16,0.07083422992748979,0.07136851633705267,True
2024-06-03,56.9,817.99,0.07083779976439471,0.06956075249139873,True
2024-06-04,101.32,1430.52,0.07089676119234499,0.07082739138856681,True
2024-06-05,92.85,1317.47,0.07091469461164099,0.07047598801454606,True
2024-06-06,81.89,1155.2,0.07091205957883003,0.07088815783337243,True
2024-06-07,207.39,2882.11,0.07089820191804176,0.07195769763403974,True
2024-06-08,215.25,3033.01,0.07084247088964996,0.07096910327662319,True
2024-06-09,216.7,3052.36,0.0708330163257523,0.07099424705113609,True
2024-06-10,207.26,2960.98,0.0709189041285765,0.06999709553256114,True
2024-06-11,163.68,2282.04,0.07091190758618665,0.07172529838577532,True
2024-06-12,202.07,2832.82,0.07087967590777522,0.07133174713842329,True
2024-06-13,208.42,2953.01,0.07092428565235051,0.07057883309891302,True
2024-06-14,201.33,2837.65,0.07095930530380394,0.07094955330257448,True
2024-06-15,211.76,2958.9,0.07092672433799692,0.07156713641165056,True
2024-06-16,182.26,2572.91,0.0709096030793513,0.07083807825736692,True
2024-06-17,115.85,1613.32,0.07073815310573309,0.07180844465338032,True
2024-06-18,79.61,1120.92,0.07082432406386259,0.07102201756501621,True
2024-06-19,182.68,2588.4,0.07079464165053363,0.0705764178370513,True
2024-06-20,177.42,2487.67,0.07075103058927298,0.07131974897340895,True
2024-06-21,70.36,994.75,0.07069973046380466,0.07073133946144122,True
2024-06-22,168.57,2348.17,0.07073103329512334,0.07178781771686556,True
2024-06-23,207.31,2923.19,0.07072837509026833,0.07091909863165956,True
2024-06-24,197.6,2772.76,0.07074129873589012,0.07126473258729037,True
2024-06-25,209.35,2917.15,0.07071185243288693,0.07176525030534417,True
2024-06-26,206.98,2916.6,0.07067812784539688,0.07096619348866276,True
2024-06-27,192.8,2785.05,0.0707633480775335,0.06922676430612493,True
2024-06-28,184.79,2644.53,0.07079576207580507,0.06987631069797796,True
2024-06-29,158.98,2216.85,0.07075273791476697,0.07171436945588815,True
2024-06-30,180.16,2541.23,0.07074384567356252,0.07089480288250383,True
2024-07-01,115.2,1615.86,0.0708745114195609,0.07129330506894577,True
2024-07-02,96.86,1351.87,0.07095526792795673,0.07164890109873812,True
2024-07-03,89.35,1249.54,0.07095663433412826,0.07150631426644499,True
2024-07-04,160.86,2230.89,0.0710408456355463,0.07210575148388952,True
2024-07-05,214.79,2989.88,0.07120517350276998,0.07183900354802232,True
2024-07-06,185.51,2762.38,0.07134741510230916,0.06715585832971718,True
2024-07-07,67.11,934.65,0.07143064763984416,0.0718022788511183,True
2024-07-08,104.38,1417.21,0.07151610208151941,0.07365175233476212,True
2024-07-09,42.28,611.83,0.07162815261665596,0.06910416280812617,True
2024-07-10,78.14,1085.16,0.07172666779662913,0.07200781444947489,True
2024-07-11,113.24,1557.28,0.07182416281504551,0.07271653134136664,True
2024-07-12,142.49,1939.62,0.0718762121202542,0.0734628431994603,True
2024-07-13,86.35,1194.46,0.0719193651882925,0.07229208171701682,True
2024-07-14,163.69,2232.63,0.07209923913658592,0.0733171192390512,True
2024-07-15,213.51,2932.19,0.07215120436206846,0.07281588161994418,True
2024-07-16,142.84,1952.37,0.07210958672527662,0.07316236160504291,True
2024-07-17,154.31,2105.09,0.07215696935201084,0.07330327915989185,True
2024-07-18,145.2,1996.69,0.07218988686248068,0.07272035214644218,True
2024-07-19,149.7,2039.52,0.07218437955323415,0.07339962340482092,True
2024-07-20,227.76,3126.06,0.07203261065906166,0.07285848637810584,True
2024-07-21,223.33,3050.83,0.07206772767845812,0.07320302997112163,True
2024-07-22,250.38,3439.6,0.0720599137594274,0.07279334804256503,True
2024-07-23,221.21,3031.19,0.07213133334363116,0.07297793933307449,True
2024-07-24,62.06,886.01,0.07214190998258793,0.07004435607945243,True
2024-07-25,249.74,3437.17,0.07205068363628495,0.07265861156920995,True
2024-07-26,247.19,3397.86,0.07209834828708074,0.0727487300616421,True
2024-07-27,71.78,1010.7,0.07199961784074056,0.07102008501927369,True
2024-07-28,172.57,2340.06,0.0720385266234851,0.07374597229398136,True
2024-07-29,170.67,2326.7,0.07206987205553048,0.07335281726335462,True
2024-07-30,230.26,3120.67,0.07204148706047127,0.07378543707800395,True
2024-07-31,270.55,3692.48,0.07198171685908503,0.07327053902166822,True
2024-08-01,252.54,3502.99,0.07201468918714413,0.0720926979317404,True
2024-08-02,218.56,2984.78,0.07204403281572702,0.07322482726592083,True
2024-08-03,279.47,3859.15,0.07187996741199411,0.0724175012444664,True
2024-08-04,205.65,2801.88,0.07199113659146547,0.07339714760325312,True
2024-08-05,153.75,2089.94,0.07079697888686821,0.07356670522906557,True
2024-08-06,273.35,3783.41,0.07033854170884189,0.07224963721292442,True
2024-08-07,234.17,3257.25,0.07027527084650939,0.07189193335731309,True
2024-08-08,78.62,1104.59,0.07020605196125844,0.07117573029705526,True
2024-08-09,230.65,3143.49,0.07017679365155487,0.0733738615127219,True
2024-08-10,31.29,473.51,0.07016354082696155,0.06608096963932975,True
2024-08-11,217.2,2983.7,0.0702212831273317,0.07279552231363894,True
2024-08-12,32.64,3432.42,0.07011656675809043,0.009509325779039474,False
2024-08-13,72.71,1427.46,0.0699957446594041,0.050936628661442954,False
2024-08-14,182.9,2515.83,0.07002951004560204,0.07269966568778509,True
2024-08-15,314.68,4362.48,0.07004354777337667,0.07213328196985813,True
2024-08-16,308.81,4314.29,0.07006018806471258,0.0715784057002245,True
2024-08-17,160.05,2187.24,0.07002232951946678,0.07317441155375068,True
2024-08-18,289.61,3980.31,0.07022853505287421,0.07276066435208296,True
2024-08-19,318.21,4443.71,0.07021015849104936,0.0716090833849173,True
2024-08-20,281.13,3935.55,0.07136736935909997,0.07143347179646213,True
2024-08-21,272.19,3745.57,0.07181366469246184,0.0726698472935575,True
2024-08-22,318.39,4440.55,0.07171181040506196,0.07170057761500251,True
2024-08-23,323.01,4502.27,0.07164389434324127,0.07174380921807358,True
2024-08-24,250.89,3448.14,0.07162396403801446,0.0727609667609897,True
2024-08-25,201.53,2750.97,0.07157256545063956,0.07325779631429723,True
2024-08-26,144.37,1995.26,0.07136550891938115,0.07235648483287567,True
2024-08-27,143.29,1957.1,0.07140386877075174,0.07321547183423663,True
2024-08-28,284.48,3878.35,0.07144209664529035,0.07335078059655505,True
2024-08-29,355.73,4978.29,0.07134823833850341,0.07145626308000212,True
2024-08-30,361.17,5067.15,0.07132516628714886,0.07127675319039761,True
2024-08-31,356.07,4996.66,0.07128376493382525,0.07126160273637558,True
2024-09-01,365.18,5036.27,0.07127525622789953,0.07251001235586851,True
2024-09-02,327.31,4752.18,0.07115643634817688,0.06887575805864345,True
2024-09-03,249.9,3443.33,0.07105981509024979,0.07257509443690408,True
2024-09-04,178.27,2453.8,0.0708159661678999,0.0726505827399745,True
2024-09-05,359.64,5060.27,0.07067284861375875,0.07107130645774408,True
2024-09-06,380.01,5310.32,0.07061110914473374,0.07156065923116485,True
2024-09-07,377.28,5265.76,0.0705551327400078,0.07164777732527729,True
2024-09-08,324.51,4450.36,0.07059935895790757,0.07291769652951273,True
2024-09-09,382.36,5335.62,0.07044146445538943,0.07166177500053193,True
2024-09-10,389.66,5491.25,0.07045454384888615,0.07096016388418663,True
2024-09-11,358.51,5466.41,0.07037625840396779,0.06558417680606025,True
2024-09-12,322.68,4573.46,0.07036175779311114,0.07055489715214412,True
2024-09-13,333.64,4738.81,0.07040627710704284,0.07040586137228419,True
2024-09-14,390.54,5546.82,0.07034354500620468,0.07040790938404205,True
2024-09-15,240.96,3338.58,0.07033148936373661,0.07217439747671933,True
2024-09-16,412.82,5848.56,0.07020545829199451,0.07058489609911073,True
2024-09-17,403.94,5826.58,0.07023625752387633,0.06932711812601437,True
2024-09-18,163.02,2280.49,0.07034142528289641,0.07148463704226521,True
2024-09-19,418.66,5763.05,0.07044968019012195,0.07264556093168625,True
2024-09-20,433.93,6034.79,0.07047158520515985,0.0719047390096582,True
2024-09-21,429.94,6076.17,0.07050990426498403,0.07075838890769047,True
2024-09-22,408.58,5811.44,0.07051764401549131,0.07030615474472658,True
2024-09-23,398.62,5766.55,0.06951661915884287,0.0691262539873709,True
2024-09-24,231.94,3219.25,0.06871969922863305,0.07204783720678797,True
2024-09-25,204.08,2795.57,0.068800048458044,0.07300121260673094,True
2024-09-26,403.91,5712.22,0.06869995451926822,0.07070981158451359,True
2024-09-27,305.69,4278.45,0.06842788463039491,0.07144877231907612,True
2024-09-28,95.99,1347.34,0.06829661977539093,0.07124408087695452,True
2024-09-29,343.86,4816.44,0.06822537558745038,0.07139297903194207,True
2024-09-30,96.45,4692.7,0.06809719864365475,0.020553199646141197,False
2024-10-01,136.79,5240.96,0.06799356966805029,0.02610018011469269,False
2024-10-02,395.85,5522.3,0.06789295626057326,0.07168208897168171,True
2024-10-03,464.51,6643.97,0.06778177131512922,0.0699145239864246,True
2024-10-04,426.38,6301.81,0.06770358058262885,0.06765992626441293,True
2024-10-05,427.98,6213.63,0.0676088967786091,0.06887761259217597,True
2024-10-06,411.62,5938.86,0.06745848601719291,0.06930959812669274,True
2024-10-07,430.41,6244.13,0.06742614560416885,0.06893033936370153,True
2024-10-08,372.72,5419.34,0.06824416068696636,0.06877590258799486,True
2024-10-09,127.9,1821.86,0.0689029304240984,0.07020297933419528,True
2024-10-10,289.98,4066.71,0.06867241319844372,0.07130579754363951,True
2024-10-11,467.15,6790.45,0.06865132279837613,0.06879514611420522,True
2024-10-12,358.39,5161.53,0.06874737405125758,0.06943483810625244,True
2024-10-13,390.78,5689.57,0.06869523679768119,0.0686835736147576,True
2024-10-14,489.17,6980.76,0.06848336025753457,0.07007403204377832,True
2024-10-15,498.78,7272.88,0.0683915852649978,0.06858080979356447,True
2024-10-16,470.7,6977.76,0.06826630311654187,0.06745717822518155,True
2024-10-17,334.75,4993.47,0.06805423533387106,0.06703755102823536,True
2024-10-18,478.51,6931.6,0.06789953407987452,0.06903312365557257,True
2024-10-19,502.93,7256.53,0.06782077601579566,0.06930723085699264,True
2024-10-20,507.41,7313.71,0.06771836271257471,0.06937792172927584,True
2024-10-21,482.47,7241.68,0.06768612640626151,0.06662404303053655,True
2024-10-22,491.52,7295.72,0.06756462910603442,0.06737100655351753,True
2024-10-23,474.73,7312.83,0.06760059480529004,0.06491741226516719,True
2024-10-24,450.84,6753.97,0.0676045427469705,0.06675185112359813,True
2024-10-25,498.89,7261.79,0.06768536561302811,0.06870069224410225,True
2024-10-26,441.71,6542.07,0.067617040947951,0.06751838484340301,True
2024-10-27,276.25,4101.88,0.06755090572699421,0.06734716762378538,True
2024-10-28,407.92,6175.56,0.06762937230657123,0.06605392870184178,True
2024-10-29,524.46,7654.46,0.0677594359638746,0.06851691692575088,True
2024-10-30,552.03,7898.78,0.06780294134341691,0.06988800801264397,True
2024-10-31,508.76,7530.32,0.06786283502874392,0.06756153788052015,True
2024-11-01,533.78,7810.04,0.06803711204722157,0.06834536057839072,True
2024-11-02,468.84,6861.0,0.06803623416729096,0.06833406208011454,True
2024-11-03,485.89,7140.37,0.06811637249986828,0.06804829440658561,True
2024-11-04,318.24,4492.72,0.0680935295073096,0.07083459461732879,True
2024-11-05,546.14,7926.9,0.06801412444856554,0.06889704675612193,True
2024-11-06,550.8,8003.67,0.06806059497325785,0.06881842953684766,True
2024-11-07,520.94,7614.41,0.06797546990683287,0.06841501835750702,True
2024-11-08,369.91,5240.92,0.0680011848376031,0.07058111933199111,True
2024-11-09,561.91,8159.02,0.06795489145530763,0.06886979072623062,True
2024-11-10,394.3,5610.04,0.06787597155111039,0.07028470383985057,True
2024-11-11,554.95,8181.58,0.0678315543872739,0.06782919679721654,True
2024-11-12,540.91,8118.81,0.06760427973443264,0.06662429591693557,True
2024-11-13,567.81,8266.65,0.0674755498810156,0.06868683202159437,True
2024-11-14,562.42,8270.35,0.06739275166233198,0.06800437707376296,True
2024-11-15,571.26,8408.24,0.06731661686802057,0.06794049645729183,True
2024-11-16,570.64,8425.53,0.06712755633649967,0.06772749013204776,True
2024-11-17,557.95,8421.0,0.06693511516659534,0.06625697659823572,True
2024-11-18,546.07,8101.02,0.06681807663679287,0.06740756101485892,True
2024-11-19,484.59,7177.11,0.06682982786861161,0.06751882023996862,True
2024-11-20,426.88,6542.43,0.06666218809316786,0.06524792774775612,True
2024-11-21,562.55,8403.37,0.06651993954371038,0.06694338104035125,True
2024-11-22,470.46,7083.67,0.06642424089970514,0.06641472569072038,True
2024-11-23,564.7,8478.86,0.06635825138695735,0.06660093455174387,True
2024-11-24,563.92,8555.75,0.0662963579312276,0.06591122928253966,True
2024-11-25,414.27,6149.33,0.06628862298166356,0.06736831491115806,True
2024-11-26,365.06,5355.58,0.06619741251550836,0.06816441915382378,True
2024-11-27,455.37,7640.26,0.06621019186929979,0.05960137481452184,False
2024-11-28,585.46,8684.43,0.06621882356148387,0.06741490229440333,True
2024-11-29,587.23,8771.58,0.06631514601651294,0.06694688983433465,True
2024-11-30,593.19,8808.81,0.06628871908414334,0.06734053747698719,True
2024-12-01,564.06,8392.13,0.06621572087023352,0.06721297214566349,True
2024-12-02,576.13,8568.43,0.06625522184777034,0.06723868899352171,True
2024-12-03,449.67,6694.17,0.0661437666069559,0.06717337622630239,True
2024-12-04,556.93,8279.09,0.06584690246552403,0.06726947042884308,True
2024-12-05,522.43,7849.09,0.0659230891503928,0.06655930814061765,True
2024-12-06,156.65,2262.85,0.06586353360900532,0.06922685990267723,True
2024-12-07,561.72,8443.05,0.06582883686507501,0.0665304599562326,True
2024-12-08,589.68,8931.7,0.06606690317653353,0.06602102622501639,True
2024-12-09,586.34,8838.9,0.06599973974273997,0.06633630880920292,True
2024-12-10,564.54,8541.39,0.06595188542904788,0.06609462861828172,True
2024-12-11,477.07,7502.18,0.0660235024942293,0.0635908495845753,True
2024-12-12,466.29,7208.47,0.06604128743345934,0.0646864036245297,True
2024-12-13,493.66,7619.65,0.06589703898999884,0.06478775270979799,True
2024-12-14,594.68,9022.9,0.06582726303788812,0.06590785666848709,True
2024-12-15,266.77,3716.0,0.0658914791094069,0.07178955864591238,True
2024-12-16,435.08,6621.08,0.06602113783626751,0.06571133409266897,True
2024-12-17,533.69,8273.1,0.06609056437094497,0.06450907156150547,True
2024-12-18,605.7,9019.62,0.06615215870358042,0.06715360513334778,True
2024-12-19,603.79,8974.13,0.06639300267377729,0.06728117376645076,True
2024-12-20,545.91,8747.53,0.06639491206353106,0.0624073309765834,True
2024-12-21,605.16,8946.46,0.06644021947666613,0.06764239709699228,True
2024-12-22,602.4,8932.04,0.06648018167522056,0.06744259989124067,True
2024-12-23,596.83,8816.7,0.06644688008311844,0.06769312780658374,True
2024-12-24,603.03,8973.86,0.06652139709339494,0.06719850765810938,True
2024-12-25,591.82,8927.28,0.06657398131332841,0.06629342867409856,True
2024-12-26,559.84,8387.41,0.0665504924981855,0.0667476610697763,True
2024-12-27,440.34,6827.55,0.06652404590833345,0.06449458443153186,True
2024-12-28,581.28,8704.84,0.06674461139780723,0.06677664379049164,True
2024-12-29,390.84,5831.18,0.06671865927817353,0.06702588497233392,True
2024-12-30,378.65,5347.36,0.06669756817187925,0.07081064299564445,True
2024-12-31,588.96,8857.96,0.06662916578260897,0.06648934968474804,True
2025-01-01,597.2,8964.63,0.06564498066179295,0.06661736177994883,True
2025-01-02,593.23,8857.49,0.06559585849941842,0.06697495565143455,True
2025-01-03,585.39,8831.01,0.06556515517888799,0.06628800102521817,True
2025-01-04,591.3,8845.01,0.06555216611918964,0.06685125284574564,True
2025-01-05,453.73,6890.82,0.06554116739972274,0.06584557424720924,True
2025-01-06,594.62,8911.41,0.06548595295783054,0.06672569211081908,True
2025-01-07,571.26,8639.78,0.06545723527727879,0.06611973915237196,True
2025-01-08,570.8,8579.59,0.06541051311497308,0.06652998569086284,True
2025-01-09,499.5,7535.67,0.06544883944618586,0.06628474972148664,True
2025-01-10,554.65,8430.24,0.06539637811998868,0.06579290743018076,True
2025-01-11,580.18,8701.0,0.06534916692343061,0.06667969198176305,True
2025-01-12,560.08,8405.97,0.06528250152984753,0.06662883640238679,True
2025-01-13,567.05,8622.99,0.0652997307550955,0.06576025252658761,True
2025-01-14,397.54,5966.76,0.06525599181988977,0.06662577344042231,True
2025-01-15,554.75,8447.15,0.06513410788314283,0.06567303764397779,True
2025-01-16,567.97,8446.83,0.06510855194182161,0.06724060978293152,True
2025-01-17,568.5,8687.23,0.0650320205087853,0.06544088275947098,True
2025-01-18,568.39,8646.19,0.06493124806686495,0.06573878204553232,True
2025-01-19,561.18,8470.58,0.06491449780716851,0.06625048106903535,True
2025-01-20,567.92,8534.01,0.06494805765354884,0.06654784795582054,True
2025-01-21,554.34,8424.89,0.0649515127377545,0.06579789171540544,True
2025-01-22,532.33,8365.26,0.06499831424894567,0.06363579852106978,True
2025-01-23,380.93,5743.11,0.06492599456545675,0.06632817409620777,True
2025-01-24,525.05,8075.88,0.06473484386100065,0.06501458663761539,True
2025-01-25,526.29,8166.72,0.06462390999170424,0.06444325260760216,True
2025-01-26,541.49,8169.22,0.0645523316612974,0.06628417400115504,True
2025-01-27,544.31,8108.14,0.06450596343239497,0.06713130260859687,True
2025-01-28,521.2,7979.01,0.06441372645811132,0.06532138698092603,True
2025-01-29,530.23,7970.96,0.06431987836181437,0.06652021838442042,True
2025-01-30,342.29,5295.29,0.06377363735342756,0.06464046349404085,True
2025-01-31,485.0,7514.64,0.06360740346324031,0.06454068324436824,True
2025-02-01,490.27,7658.29,0.06282386225476015,0.06401820771164082,True
2025-02-02,511.45,7874.3,0.06295320402454925,0.06495180523158225,True
2025-02-03,510.55,8006.5,0.06303181327145378,0.06376693935380416,True
2025-02-04,514.35,7980.99,0.06293989636411924,0.06444689191886635,True
2025-02-05,471.74,7553.07,0.06291447015678732,0.062456722887189356,True
2025-02-06,519.89,7927.31,0.06284037657340587,0.06558214576374807,True
2025-02-07,490.36,7795.72,0.06282217573486913,0.0629011816659781,True
2025-02-08,510.29,7891.11,0.06283209506420938,0.06466644108817816,True
2025-02-09,514.02,7832.93,0.06298034643534443,0.06562295334368838,True
2025-02-10,503.37,7735.23,0.0630919952546311,0.06507498806563283,True
2025-02-11,507.5,7858.8,0.06267304284605361,0.06457728914534314,True
2025-02-12,484.56,7615.17,0.06263806147075252,0.06363088413474277,True
2025-02-13,486.3,7651.96,0.06272608093601297,0.06355234475042311,True
2025-02-14,482.08,7622.2,0.06336560691541944,0.0632468316151181,True
2025-02-15,474.05,7520.09,0.06354990762152957,0.06303780937953697,True
2025-02-16,480.11,7602.05,0.06437553156902451,0.0631553330926322,True
2025-02-17,470.82,7516.15,0.0643582812619002,0.06264111279542836,True
2025-02-18,258.91,7427.64,0.06438417133010318,0.03485763983784114,False
2025-02-19,424.02,6908.68,0.06393699604825671,0.06137496597593534,True
2025-02-20,412.31,6671.16,0.06365343823299542,0.061804843526192615,True
2025-02-21,397.66,6475.58,0.06318445487866234,0.061409171060907417,True
2025-02-22,446.85,7139.76,0.06297397429735818,0.06258613734038873,True
2025-02-23,438.06,6969.55,0.0626827544975482,0.06285341233467678,True
2025-02-24,447.89,7083.89,0.062265579530868684,0.06322656053902212,True
2025-02-25,439.42,6882.72,0.06189438583562042,0.06384394540765222,True
2025-02-26,404.02,6985.47,0.06252675273318256,0.05783719634357642,True
2025-02-27,406.12,6741.65,0.06237729820778208,0.06024044557931064,True
2025-02-28,388.45,6739.27,0.06253417804553987,0.057639774032255744,True
2025-03-01,395.16,6559.61,0.06276028613031041,0.060241386292745856,True
2025-03-02,404.96,6845.75,0.06284236034846186,0.059154950142912756,True
2025-03-03,397.74,6712.08,0.06304487858056887,0.05925733899785799,True
2025-03-04,358.88,5995.72,0.0632499776261473,0.0598560306252033,True
2025-03-05,387.13,6537.17,0.06323109919944049,0.059219815293281367,True
2025-03-06,397.38,6632.66,0.0638441675684281,0.05991261423623213,True
2025-03-07,402.25,6714.21,0.06435364513197521,0.05991025004283299,True
2025-03-08,404.03,6707.7,0.06498602099346172,0.06023376119083534,True
2025-03-09,371.25,6134.31,0.06540448625838088,0.060520254101843515,True
2025-03-10,401.15,6550.2,0.06597388276284559,0.0612424048027171,True
2025-03-11,397.34,6477.63,0.06643614671157931,0.06134033588498565,False
2025-03-12,399.1,6509.52,0.06672590117768312,0.061310204122376116,False
2025-03-13,376.63,6240.05,0.06666615306212664,0.0603568881562877,False
2025-03-14,344.95,5771.33,0.06691720656903048,0.059769585163251863,False
2025-03-15,273.11,4534.38,0.06676883318747485,0.060230946665204295,False
2025-03-16,354.58,5960.62,0.06671810616353833,0.059487100325220005,False
2025-03-17,375.86,6225.03,0.06681219185117446,0.060378825473872605,False
2025-03-18,356.6,6110.85,0.06684589257393021,0.058355220622604835,False
2025-03-19,342.23,5907.45,0.06680372533875155,0.05793193339631619,False
2025-03-20,147.23,2458.73,0.06694193872665054,0.05988050739207619,False
2025-03-21,155.95,2584.92,0.06703690902184391,0.06033068719328618,False
2025-03-22,119.87,1958.2,0.06708796538701174,0.06121438052230907,False
2025-03-23,155.53,2327.94,0.06720342410346297,0.0668101411261415,True
2025-03-24,362.22,5517.63,0.06711157399954533,0.06564775092464559,True
2025-03-25,339.7,5073.33,0.0671589348931183,0.06695799404593078,True
2025-03-26,386.26,5803.42,0.06717761709521249,0.06655730585300437,True
2025-03-27,378.32,5750.58,0.06729799801955383,0.0657881465755127,True
2025-03-28,365.26,5610.14,0.06726163902584499,0.06510710961489247,True
2025-03-29,292.02,4451.13,0.06733044282764805,0.065605812441873,True
2025-03-30,325.69,4855.13,0.06754044636290729,0.06708162292933832,True
2025-03-31,322.89,5303.84,0.06753540193955666,0.060878533277610454,False
2025-04-01,355.14,5362.68,0.06750210460082996,0.06622435049896239,True
2025-04-02,362.0,5425.38,0.06749796140854225,0.06672343687138532,True
2025-04-03,342.84,5279.78,0.06771294355473577,0.06493452377467725,True
2025-04-04,332.04,5133.04,0.0678692407227869,0.06468681325984468,True
2025-04-05,221.16,3374.11,0.06801902637342902,0.06554617363821981,True
2025-04-06,276.62,4292.87,0.06820176109440454,0.06443707821004664,True
2025-04-07,237.56,3611.25,0.06834758592745051,0.06578331600809047,True
2025-04-08,56.41,831.9,0.06871614116541808,0.06780863076354293,True
2025-04-09,265.56,3859.45,0.06882960003225538,0.06880773165378287,True
2025-04-10,335.81,4912.1,0.06906356738603447,0.06836383622720142,True
2025-04-11,320.71,4631.62,0.06916584185808033,0.06924359078049502,True
2025-04-12,126.14,1809.84,0.0694326168207336,0.06969676873663044,True
2025-04-13,349.26,4913.77,0.0697083325432868,0.07107780786014041,True
2025-04-14,277.55,3939.97,0.06990212205390926,0.0704446987996242,True
2025-04-15,334.63,4730.46,0.07008146640744808,0.0707394206756342,True
2025-04-16,335.22,4776.81,0.070211262340539,0.07017654039616887,True
2025-04-17,315.7,4599.52,0.07024630878607689,0.06863759695171721,True
2025-04-18,265.24,4628.51,0.07009729328148638,0.05730569879781923,False
2025-04-19,300.32,4320.31,0.06999670358162202,0.06951353026298725,True
2025-04-20,313.97,4434.23,0.06987428061713549,0.07080597982720654,True
2025-04-21,280.41,3937.27,0.06977946283125322,0.0712193981943785,True
2025-04-22,229.03,3241.13,0.06967452191314026,0.07066362655288012,True
2025-04-23,305.42,4363.89,0.0696023502728286,0.06998801526390719,True
2025-04-24,296.4,4309.79,0.0695904975425124,0.06877365252859799,True
2025-04-25,287.42,4166.62,0.0695102677576893,0.06898157257705728,True
2025-04-26,270.98,3967.15,0.06961081393111024,0.06830596270161049,True
2025-04-27,278.23,4075.03,0.0695464465668432,0.06827679794546868,True
2025-04-28,235.7,3363.45,0.06953491102951609,0.07007685558873275,True
2025-04-29,217.29,3144.62,0.06955586190004093,0.06909896901085061,True
2025-04-30,205.36,2974.73,0.06931086482457557,0.06903483675189519,True
2025-05-01,193.71,2765.1,0.06931829474935196,0.07005533251236654,True
2025-05-02,204.8,2985.15,0.06940004622861293,0.06860626766875827,True
2025-05-03,262.86,3931.93,0.06955619128129342,0.06685266521355858,True
2025-05-04,264.3,3937.61,0.06968146544977533,0.06712193435431088,True
2025-05-05,259.92,3820.29,0.06982561475012643,0.06803671970765657,True
2025-05-06,259.09,3787.8,0.06991394233234792,0.06840118272654279,True
2025-05-07,232.32,3460.73,0.07000702914512953,0.06713034531236753,True
2025-05-08,253.06,3679.54,0.07004050475358312,0.06877490119178623,True
2025-05-09,225.13,3230.24,0.07003685687947955,0.06969451184132,True
2025-05-10,137.09,1920.68,0.07015206476642662,0.07137576271353074,True
2025-05-11,258.29,3621.48,0.07026223675078198,0.07132166957395274,True
2025-05-12,231.3,3252.93,0.07037158616369446,0.0711051267407829,True
2025-05-13,251.74,3583.86,0.07032371152117804,0.07024269919298112,True
2025-05-14,240.3,3394.08,0.07027731008584202,0.07079974541825776,True
2025-05-15,232.28,3357.26,0.07051265793039148,0.06918737301573682,True
2025-05-16,229.54,3290.62,0.07058584777867558,0.06975585145967755,True
2025-05-17,225.01,3218.9,0.07063005178455625,0.06990276179132537,True
2025-05-18,138.24,1953.65,0.07059861905131865,0.07075985971347996,True
2025-05-19,141.99,2019.29,0.0705896017471475,0.07031679448206211,True
2025-05-20,32.48,498.34,0.07054119636576012,0.06517638546940566,False
2025-05-21,73.56,1062.36,0.07048007573512627,0.0692420647716009,True
2025-05-22,216.6,3106.95,0.07046408747620778,0.06971467192271692,True
2025-05-23,232.91,3312.84,0.07049876408812754,0.07030523657336145,True
2025-05-24,225.11,3238.88,0.07057787257649249,0.06950242056837475,True
2025-05-25,226.69,3209.12,0.07065471984017634,0.07063930296447646,True
2025-05-26,158.42,2222.67,0.07066288304877896,0.07127463812834355,True
2025-05-27,220.71,3132.31,0.0706501875055539,0.07046237439127598,True
2025-05-28,103.46,1477.18,0.07075228952234817,0.07003885777627718,True
2025-05-29,194.01,2730.82,0.07077307368830384,0.071044594637858,True
2025-05-30,175.32,2467.9,0.07078012678962138,0.07104015556909106,True
2025-05-31,126.75,1792.25,0.07070780247925541,0.07072116051291887,True
2025-06-01,91.07,1305.3,0.07079528397715676,0.06976940161666328,True
2025-06-02,151.92,2153.79,0.07082796765102113,0.07053612465907255,True
2025-06-03,50.86,756.44,0.07083422992748979,0.06723600012263233,True
2025-06-04,223.15,3117.95,0.07083779976439471,0.07156946068039274,True
2025-06-05,214.58,3020.32,0.07089676119234499,0.07104545211399936,True
2025-06-06,98.59,1402.67,0.07091469461164099,0.07028738044565908,True
2025-06-07,40.59,607.13,0.07091205957883003,0.06685553330117845,True
2025-06-08,125.78,1754.13,0.07089820191804176,0.07170506172763416,True
2025-06-09,166.3,2330.84,0.07084247088964996,0.07134766862103463,True
2025-06-10,209.25,2935.97,0.0708330163257523,0.07127116419061805,True
2025-06-11,207.22,2940.2,0.0709189041285765,0.07047819873801844,True
2025-06-12,204.45,2926.44,0.07091190758618665,0.0698630417606843,True
2025-06-13,197.4,2836.66,0.07087967590777522,0.06958888267554487,True
2025-06-14,200.62,2844.06,0.07092428565235051,0.0705400026474336,True
2025-06-15,189.03,2678.65,0.07095930530380394,0.07056912994584245,True
2025-06-16,78.9,1150.34,0.07092672433799692,0.06858841727785836,True
2025-06-17,122.23,1740.67,0.0709096030793513,0.07022008762705159,True
2025-06-18,155.93,2194.05,0.07073815310573309,0.0710694833431009,True
2025-06-19,115.57,1632.73,0.07082432406386259,0.07078328929413724,True
2025-06-20,161.91,2303.11,0.07079464165053363,0.07030059351472548,True
2025-06-21,202.37,2873.24,0.07075103058927298,0.0704326822435882,True
2025-06-22,89.3,1286.24,0.07069973046380466,0.06942716750417716,True
2025-06-23,93.61,1332.34,0.07073103329512334,0.07025984353073551,True
2025-06-24,190.49,2682.13,0.07072837509026833,0.07102191166311032,True
2025-06-25,17.87,294.27,0.07074129873589012,0.060726543444025755,False
2025-06-26,146.09,2048.77,0.07071185243288693,0.07130619831835384,True
2025-06-27,80.85,1149.1,0.07067812784539688,0.0703594116522849,True
2025-06-28,88.19,1249.5,0.0707633480775335,0.07058023203635035,True
2025-06-29,144.8,2081.37,0.07079576207580507,0.06956956232213901,True
2025-06-30,196.16,2796.18,0.07075273791476697,0.07015285136502199,True
2025-07-01,94.17,1336.77,0.07074384567356252,0.07044592557399858,True
2025-07-02,89.31,1282.64,0.0708745114195609,0.06962982592962184,True
2025-07-03,87.6,1255.35,0.07095526792795673,0.06978133582683607,True
2025-07-04,42.12,625.79,0.07095663433412826,0.0673069239404482,True
2025-07-05,81.16,1145.91,0.0710408456355463,0.07082580650240784,True
2025-07-06,150.64,2127.09,0.07120517350276998,0.07081975841604268,True
2025-07-07,181.98,2576.6,0.07134741510230916,0.07062795929883259,True
2025-07-08,206.89,2969.02,0.07143064763984416,0.06968292565571033,True
2025-07-09,189.88,2679.29,0.07151610208151941,0.07086952137660742,True
2025-07-10,104.1,1485.29,0.07162815261665596,0.07008732296717318,True
2025-07-11,135.76,1921.3,0.07172666779662913,0.07066049025625332,True
2025-07-12,221.97,3163.72,0.07182416281504551,0.070161076179257,True
2025-07-13,174.12,2471.94,0.0718762121202542,0.07043860285021537,True
2025-07-14,175.16,2472.03,0.0719193651882925,0.07085674523737302,True
2025-07-15,136.25,1937.06,0.07209923913658592,0.07033855426763314,True
2025-07-16,177.57,2543.62,0.07215120436206846,0.06980995586219249,True
2025-07-17,143.41,2027.12,0.07210958672527662,0.07074568842952282,True
2025-07-18,182.16,2575.46,0.07215696935201084,0.07072911244176609,True
2025-07-19,229.84,3306.36,0.07218988686248068,0.06951451140543846,True
2025-07-20,231.23,3300.12,0.07218437955323415,0.07006714905213533,True
2025-07-21,173.3,2463.38,0.07203261065906166,0.07035049400809032,True
2025-07-22,236.34,3365.56,0.07206772767845812,0.07022308321045441,True
2025-07-23,225.28,3226.23,0.0720599137594274,0.069827631610323,True
2025-07-24,135.39,1923.32,0.07213133334363116,0.07039390217416035,True
2025-07-25,172.84,2443.95,0.07214190998258793,0.07072157774474865,True
2025-07-26,231.91,3280.98,0.07205068363628495,0.07068314952523845,True
2025-07-27,242.77,3481.37,0.07209834828708074,0.06973404146363817,True
2025-07-28,239.19,3483.65,0.07199961784074056,0.06866074374042722,True
2025-07-29,198.14,2888.25,0.0720385266234851,0.06860209467026673,True
2025-07-30,94.31,1351.87,0.07206987205553048,0.06976262505288036,True
2025-07-31,202.04,2838.18,0.07204148706047127,0.0711864645402383,True
2025-08-01,264.65,3724.54,0.07198171685908503,0.07105575451705291,True
2025-08-02,242.88,3525.76,0.07201468918714413,0.06888727534804204,True
2025-08-03,185.39,2616.25,0.07204403281572702,0.07086096509474975,True
2025-08-04,54.98,819.5,0.07187996741199411,0.06708968875278866,True
2025-08-05,224.92,3164.81,0.07199113659146547,0.07106903729731989,True
2025-08-06,223.37,3145.49,0.07079697888686821,0.07101278335934537,True
2025-08-07,206.61,2961.91,0.07033854170884189,0.0697556643956921,True
2025-08-08,234.91,3352.71,0.07027527084650939,0.07006570801827008,True
2025-08-09,175.72,2486.83,0.07020605196125844,0.07066023810607873,True
2025-08-10,188.85,2686.42,0.07017679365155487,0.07029801740967606,True
2025-08-11,222.41,3146.49,0.07016354082696155,0.07068511259508688,True
2025-08-12,261.22,3731.47,0.0702212831273317,0.07000458262561282,True
2025-08-13,289.26,4158.4,0.07011656675809043,0.06956040783244508,True
2025-08-14,254.35,3609.88,0.0699957446594041,0.07045940583330765,True
2025-08-15,187.56,2654.87,0.07002951004560204,0.0706475269709449,True
2025-08-16,171.25,2435.49,0.07004354777337667,0.07031439255742608,True
2025-08-17,292.12,4253.68,0.07006018806471258,0.06867465346037438,True
2025-08-18,231.25,3293.36,0.07002232951946678,0.07021704275566078,True
2025-08-19,288.99,4156.65,0.07022853505287421,0.06952473745214903,True
2025-08-20,243.3,3468.27,0.07021015849104936,0.07015024779785016,True
2025-08-21,263.61,3757.1,0.07136736935909997,0.07016315773597638,True
2025-08-22,268.34,3805.11,0.07181366469246184,0.0705209573256697,True
2025-08-23,177.62,2484.82,0.07171181040506196,0.0714820389116789,True
2025-08-24,287.3,4106.96,0.07164389434324127,0.06995441882317957,True
2025-08-25,318.98,4565.65,0.07162396403801446,0.06986518895012427,True
2025-08-26,281.44,3978.78,0.07157256545063956,0.07073525048614518,True
2025-08-27,331.8,4725.21,0.07136550891938115,0.07021910135841176,True
2025-08-28,299.97,4412.83,0.07140386877075174,0.0679767858567004,True
2025-08-29,321.22,4652.65,0.07144209664529035,0.06904022437341296,True
2025-08-30,331.16,4850.99,0.07134823833850341,0.06826647755030077,True
2025-08-31,333.39,4845.15,0.07132516628714886,0.06880901518656615,True
2025-09-01,348.66,5095.19,0.07128376493382525,0.06842924403831276,True
2025-09-02,303.28,4387.33,0.07127525622789953,0.06912632510681295,True
2025-09-03,302.57,4400.63,0.07115643634817688,0.06875606445696272,True
2025-09-04,96.46,1386.84,0.07105981509024979,0.06955380572412548,True
2025-09-05,335.83,4880.86,0.0708159661678999,0.06880549737775607,True
2025-09-06,365.2,5240.72,0.07067284861375875,0.0696850814258947,True
2025-09-07,337.29,4783.07,0.07061110914473374,0.070517470981918,True
2025-09-08,343.54,5070.07,0.0705551327400078,0.06775843330215196,True
2025-09-09,313.33,4548.63,0.07059935895790757,0.0688844772890113,True
2025-09-10,106.53,1557.59,0.07044146445538943,0.06839412164408212,True
2025-09-11,183.28,2671.3,0.07045454384888615,0.06861078872885457,True
2025-09-12,375.54,5431.9,0.07037625840396779,0.06913602973745171,True
2025-09-13,371.41,5395.2,0.07036175779311114,0.06884082145817749,True
2025-09-14,373.12,5510.29,0.07040627710704284,0.06771331453195506,True
2025-09-15,158.57,2329.96,0.07034354500620468,0.0680569623220755,True
2025-09-16,356.0,5208.91,0.07033148936373661,0.06834443289126814,True
2025-09-17,239.07,3653.94,0.07020545829199451,0.06542800372599769,True
2025-09-18,392.95,5762.85,0.07023625752387633,0.06818674786465259,True
2025-09-19,325.99,4784.96,0.07034142528289641,0.06812805121294054,True
2025-09-20,384.46,5657.94,0.07044968019012195,0.06795052615122278,True
2025-09-21,161.72,2315.05,0.07047158520515985,0.06985594260605346,True
2025-09-22,394.62,5705.87,0.07050990426498403,0.06916035590205168,True
2025-09-23,301.47,4272.69,0.07051764401549131,0.07055742399505759,True
2025-09-24,437.23,6218.03,0.06951661915884287,0.07031648286188448,True
2025-09-25,432.28,6257.32,0.06871969922863305,0.06908388893822212,True
2025-09-26,435.14,6324.92,0.068800048458044,0.06879770810242694,True
2025-09-27,421.48,6257.3,0.06869995451926822,0.06735812569840696,True
2025-09-28,385.19,5708.76,0.06842788463039491,0.06747349685965542,True
2025-09-29,428.69,6351.17,0.06829661977539093,0.06749779960739552,True
2025-09-30,390.11,5949.87,0.06822537558745038,0.06556613840881126,True
2025-10-01,215.03,3158.29,0.06809719864365475,0.06808431142545988,True
2025-10-02,449.09,6628.07,0.06799356966805029,0.06775577203201599,True
2025-10-03,441.94,6701.87,0.06789295626057326,0.06594278909230665,True
2025-10-04,415.54,6217.61,0.06778177131512922,0.06683275405391577,True
2025-10-05,449.05,6744.19,0.06770358058262885,0.06658323682064367,True
2025-10-06,293.37,4214.75,0.0676088967786091,0.06960555191420474,True
2025-10-07,338.0,4882.13,0.06745848601719291,0.06923207696861162,True
2025-10-08,438.69,6499.42,0.06742614560416885,0.06749679201105686,True
2025-10-09,466.42,6906.83,0.06824416068696636,0.06753025627277198,True
2025-10-10,484.24,7060.78,0.0689029304240984,0.06858165810737883,True
2025-10-11,388.37,5778.21,0.06867241319844372,0.06721285656505857,True
2025-10-12,479.29,7006.07,0.06865132279837613,0.0684106781593089,True
2025-10-13,429.84,6336.62,0.06874737405125758,0.0678342712569423,True
2025-10-14,414.68,6268.34,0.06869523679768119,0.06615467570901472,True
2025-10-15,333.33,4932.19,0.06848336025753457,0.06758255459185827,True
2025-10-16,446.2,6547.84,0.0683915852649978,0.06814460950967882,True
2025-10-17,458.76,6896.35,0.06826630311654187,0.06652214576311785,True
2025-10-18,419.54,6352.3,0.06805423533387106,0.0660453693833658,True
2025-10-19,504.53,7396.55,0.06789953407987452,0.06821153104241685,True
2025-10-20,502.58,7456.19,0.06782077601579566,0.06740439821579058,True
2025-10-21,497.3,7485.82,0.06771836271257471,0.06643226793237986,True
2025-10-22,472.7,7320.04,0.06768612640626151,0.06457614984828278,True
2025-10-23,410.46,6156.75,0.06756462910603442,0.06666829088940296,True
2025-10-24,490.77,7309.52,0.06760059480529004,0.06714120762141135,True
2025-10-25,432.31,6529.28,0.0676045427469705,0.06621097577892035,True
2025-10-26,505.17,7683.65,0.06768536561302811,0.06574609722387849,True
2025-10-27,486.58,7206.94,0.067617040947951,0.06751547812698379,True
2025-10-28,527.77,7813.15,0.06755090572699421,0.06754893991955242,True
2025-10-29,539.28,7922.15,0.06762937230657123,0.06807242982421786,True
2025-10-30,504.52,7766.14,0.0677594359638746,0.06496406193231591,True
2025-10-31,456.0,6869.44,0.06780294134341691,0.0663809568077775,True
2025-11-01,534.04,8037.21,0.06786283502874392,0.06644594329792976,True
2025-11-02,540.35,8068.38,0.06803711204722157,0.06697131269635648,True
2025-11-03,530.14,8007.04,0.06803623416729096,0.06620923586416337,True
2025-11-04,539.17,8021.8,0.06811637249986828,0.06721309430960468,True
2025-11-05,538.92,8071.26,0.0680935295073096,0.0667702440428421,True
2025-11-06,519.25,7920.11,0.06801412444856554,0.06556095810972816,True
2025-11-07,513.99,7915.29,0.06806059497325785,0.06493634471195163,True
2025-11-08,368.58,5697.67,0.06797546990683287,0.06468960117650029,True
2025-11-09,431.88,6625.98,0.0680011848376031,0.06517979226240046,True
2025-11-10,349.94,5368.32,0.06795489145530763,0.06518612898165792,True
2025-11-11,498.35,7783.7,0.06787597155111039,0.0640248210922794,True
2025-11-12,444.55,6824.97,0.0678315543872739,0.06513581743727286,True
2025-11-13,541.23,8246.18,0.06760427973443264,0.06563402689904488,True
2025-11-14,481.07,7154.25,0.0674755498810156,0.06724254812632455,True
2025-11-15,546.97,8172.96,0.06739275166233198,0.06692434563892098,True
2025-11-16,548.15,8199.46,0.06731661686802057,0.06685196341382824,True
2025-11-17,538.89,8159.15,0.06712755633649967,0.06604732109765755,True
2025-11-18,551.57,8264.49,0.06693511516659534,0.06673975041814562,True
2025-11-19,540.15,8126.19,0.06681807663679287,0.06647026465459578,True
2025-11-20,521.48,8266.82,0.06682982786861161,0.06308108800444656,True
2025-11-21,545.91,8218.22,0.06666218809316786,0.06642679314177197,True
2025-11-22,532.05,8111.31,0.06651993954371038,0.06559359708042305,True
2025-11-23,544.91,8240.93,0.06642424089970514,0.06612239151817544,True
2025-11-24,549.45,8353.26,0.06635825138695735,0.06577671471188773,True
2025-11-25,524.59,8391.38,0.0662963579312276,0.06251534311847214,True
2025-11-26,540.87,8225.95,0.06628862298166356,0.06575167609020821,True
2025-11-27,467.39,7208.89,0.06619741251550836,0.06483522427657583,True
2025-11-28,514.89,7887.12,0.06621019186929979,0.06528238443623498,True
2025-11-29,498.8,7977.81,0.06621882356148387,0.06252342434044889,True
2025-11-30,539.59,8384.6,0.06631514601651294,0.0643548887168911,True
2025-12-01,531.12,8209.92,0.06628871908414334,0.06469246958987511,True
2025-12-02,534.7,8370.74,0.06621572087023352,0.0638772677130245,True
2025-12-03,504.98,7853.98,0.06625522184777034,0.0642960638982661,True
2025-12-04,513.15,8316.83,0.0661437666069559,0.06170019105095328,True
2025-12-05,535.5,8290.0,0.06584690246552403,0.06459589866530809,True
2025-12-06,555.45,8497.24,0.0659230891503928,0.0653682842822648,True
2025-12-07,473.13,7332.79,0.06586353360900532,0.06452250779518812,True
2025-12-08,542.71,8454.8,0.06582883686507501,0.0641895727794638,True
2025-12-09,453.9,7189.18,0.06606690317653353,0.06313654685748074,True
2025-12-10,539.64,8483.55,0.06599973974273997,0.06361016319069138,True
2025-12-11,463.07,7363.71,0.06595188542904788,0.06288542051997086,True
2025-12-12,328.34,5405.3,0.0660235024942293,0.06074408449841005,False
2025-12-13,562.28,8635.7,0.06604128743345934,0.06511110853027419,True
2025-12-14,589.83,9009.3,0.06589703898999884,0.06546901534353736,True
2025-12-15,580.4,8875.95,0.06582726303788812,0.06539018357861522,True
2025-12-16,520.59,7932.27,0.0658914791094069,0.0656293847706105,True
2025-12-17,474.75,7377.35,0.06602113783626751,0.06435237584439502,True
2025-12-18,588.84,8893.44,0.06609056437094497,0.06621060016526668,True
2025-12-19,595.24,9011.07,0.06615215870358042,0.0660565282407021,True
2025-12-20,587.89,8957.93,0.06639300267377729,0.0656278850062874,True
2025-12-21,565.01,8737.99,0.06639491206353106,0.0646613237066349,True
2025-12-22,569.41,8748.13,0.06644021947666613,0.06508933908560008,True
2025-12-23,515.07,7887.01,0.06648018167522056,0.06530611726556627,True
2025-12-24,583.98,8861.64,0.06644688008311844,0.06589976572441447,True
2025-12-25,569.22,8731.82,0.06652139709339494,0.06518915872461994,True
2025-12-26,527.63,7996.25,0.06657398131332841,0.06598468031064753,True
2025-12-27,577.1,8780.62,0.0665504924981855,0.06572428825461935,True
2025-12-28,573.18,8789.32,0.06652404590833345,0.0652132360563487,True
2025-12-29,548.16,8621.13,0.06674461139780723,0.06358331215703936,True
2025-12-30,547.04,8489.95,0.06671865927817353,0.064433830580341,True
2025-12-31,442.3,6644.33,0.06669756817187925,0.0665680361952871,True
