date,mc_percentile,mc_z_score,mc_p10,mc_p50,mc_p90,efficiency_ratio,ghi_daily,yield_daily,healthy
2024-01-01,0.0,-8.874091535354165,606.0392209573246,616.7475109646554,628.0271263418651,0.06281520585458733,8607.47,540.68,False
2024-01-02,0.0,-8.87410686884461,543.8881846527848,554.0309160977345,564.9965258378742,0.0620436164994119,7742.94,480.4,False
2024-01-03,0.0,-8.298873080542153,609.8299661615858,620.6201969627931,632.098918282611,0.06326018360074814,8677.18,548.92,False
2024-01-04,0.0,-8.585926596479093,593.5861289659242,604.4696492370196,616.4913904384357,0.06258767707810672,8447.19,528.69,False
2024-01-05,0.0,-7.252948003330477,537.0879569438243,547.8436692524333,557.308228815949,0.06400313868253407,7646.5,489.4,False
2024-01-06,0.0,-9.09520472553531,604.8991631325534,615.3328079160368,626.8812998637285,0.06230273917894132,8602.19,535.94,False
2024-01-07,0.0,-6.381879815665272,421.15247530214253,430.00740484015336,439.07827469158804,0.06424697329038204,6003.24,385.69,False
2024-01-08,0.0,-7.902187589327467,617.0201630029444,628.7966841949119,639.8315208603545,0.06352215948183176,8776.15,557.48,False
2024-01-09,0.0,-9.185155151991097,565.0818866458495,576.571729753736,587.2215831599739,0.061957275637228644,8045.06,498.45,False
2024-01-10,0.0,-7.650080306569006,606.1781319700872,617.0201058267235,628.1782309246271,0.06377657888591438,8617.27,549.58,False
2024-01-11,0.0,-9.3373316658392,597.7880512293591,609.3151485233213,620.8856988026567,0.06165002614353546,8508.35,524.54,False
2024-01-12,0.0,-9.7566942968411,588.4696372690017,598.8176259652981,610.2612503632292,0.06179421673518692,8372.79,517.39,False
2024-01-13,0.0,-9.69742105260909,601.9693903432723,613.1029103745,624.2607476014075,0.0620127610407339,8563.56,531.05,False
2024-01-14,0.0,-10.144738943290104,501.39388850837327,511.1313265422346,521.4713973531993,0.060458301399157255,7138.97,431.61,False
2024-01-15,0.0,-8.940084621051765,595.0681989273824,606.6885644214033,618.6528181083683,0.06200649843883894,8478.95,525.75,False
2024-01-16,0.0,-8.215823102192354,594.7241031121055,605.4555608134906,616.3458802494044,0.06324504171840585,8457.58,534.9,False
2024-01-17,0.0,-7.43526926059938,592.7036151954692,604.617520686774,616.3187300093646,0.06349815560347198,8441.82,536.04,False
2024-01-18,0.0,-9.250221915306987,595.5840552618304,606.8139233050123,617.7711843742434,0.06207516874632194,8482.78,526.57,False
2024-01-19,0.0,-11.517456256869318,587.3101602055976,598.0819182003075,608.5738356397137,0.06039006879325275,8357.5,504.71,False
2024-01-20,0.0,-8.113748934640487,495.53875376200574,505.1817947026923,515.3434878230703,0.06293007107157829,7051.16,443.73,False
2024-01-21,0.0,-9.058598911306516,579.0331447262298,589.7723344474344,600.3488215377785,0.06246180425283827,8230.63,514.1,False
2024-01-22,0.0,-7.395415686649288,573.2997365851255,584.2586940360636,594.5649564554067,0.06388578534053746,8153.77,520.91,False
2024-01-23,0.0,-9.12318284070859,571.3671479980027,581.2319320737472,590.7451672911474,0.06259423778652366,8111.13,507.71,False
2024-01-24,0.0,-9.79270702310126,554.9524685948102,566.3326440018797,577.167589311337,0.06117587890666412,7913.74,484.13,False
2024-01-25,0.0,-9.397483850790021,574.7361401420189,585.8599836128053,597.3219556756859,0.061779196838428904,8177.51,505.2,False
2024-01-26,0.0,-9.156801646215206,479.97394547571616,488.69780191624807,497.6999659867975,0.06183156450357306,6825.64,422.04,False
2024-01-27,0.0,-8.685423868388817,502.09373887195886,511.67641783200713,521.4738302338609,0.062300408899376644,7145.86,445.19,False
2024-01-28,0.0,-7.546865290369534,496.22069257990546,505.44085572894653,515.4806232559416,0.06353666273005745,7061.12,448.64,False
2024-01-29,0.0,-7.375802516326627,492.2317496719648,502.8292528832228,511.9496661189037,0.06358305723863303,7017.75,446.21,False
2024-01-30,0.0,-10.390979093360041,550.4848188102372,560.6235294656792,571.6829171845694,0.06076503987931491,7828.35,475.69,False
2024-01-31,0.0,-10.871474264519184,521.5730531509942,531.7505796981789,542.4967544005868,0.05987577906672991,7423.87,444.51,False
2024-02-01,0.0,-9.544990096852311,526.6229035069749,537.3587555497077,548.2265588163883,0.06111014858917703,7503.5,458.54,False
2024-02-02,0.0,-10.878984885844822,541.6237195220069,552.6524992879313,562.9537101533144,0.060141399363762275,7714.32,463.95,False
2024-02-03,0.0,-6.852012701713332,457.46616128086805,467.1113087231213,475.72847905749524,0.06419749297080297,6517.7,418.42,False
2024-02-04,0.0,-7.42396472646068,483.3778394851965,492.36087714612074,502.38612508550557,0.0636987207254211,6879.73,438.23,False
2024-02-05,0.0,-6.898036342378755,460.91366530803646,469.6247344922904,479.4772219720568,0.0639226235780162,6568.41,419.87,False
2024-02-06,0.0,-41.88177062475429,505.49970264594697,514.8195365662928,525.5047978347096,0.02577225674822959,7190.29,185.31,False
2024-02-08,0.0,-55.040249159818394,556.257982996578,566.5497633397988,576.7567175176808,0.01520784304616572,7916.31,120.39,False
2024-02-09,0.0,-4.953065353046784,439.9466625400412,449.0397922079309,458.7911368122588,0.06574883583496434,6274.94,412.57,False
2024-02-10,0.0,-4.6318604494205085,560.529930228893,571.1321814775658,581.6486233907148,0.06677521775189241,7977.81,532.72,False
2024-02-11,0.0,-6.573580728383035,559.5397066474775,570.6338114703391,582.4516678944766,0.0644474348490653,7973.63,513.88,False
2024-02-12,0.0,-6.535672667241922,552.7644316871132,563.0186721615611,574.0705639598324,0.06478145569939239,7866.14,509.58,False
2024-02-13,0.0,-6.164559733857462,538.8129260979799,549.0364179193831,559.731892776538,0.06504858421286143,7665.04,498.6,False
2024-02-14,0.0,-7.268170969882113,442.7974675315094,451.9422085395058,461.40709585739467,0.0634491828113717,6311.35,400.45,False
2024-02-15,0.0,-7.118172863349868,451.4033624227019,460.6498237273562,469.50350524487493,0.06368505972690423,6433.22,409.7,False
2024-02-16,0.0,-4.57526466584732,378.5589335768128,386.49275941150154,394.14680472048855,0.06630150696652366,5394.9,357.69,False
2024-02-17,0.0,-4.819637125786537,499.4379333272716,509.3949608883888,519.1264282396274,0.06635154380676021,7112.57,471.93,False
2024-02-18,0.0,-5.871661997962357,545.6065731973961,555.7532824423117,565.962087447852,0.06545487797124075,7764.28,508.21,False
2024-02-19,0.0,-6.671404490288889,538.631240152074,548.4529940684671,559.6204216842541,0.0645218493293397,7669.34,494.84,False
2024-02-20,0.0,-5.092753830815258,466.98592974738165,476.57963561905524,486.34573652052575,0.06590030600355734,6656.57,438.67,False
2024-02-21,0.0,-4.747434396229369,529.3040521165422,539.9079113289854,549.6030298151798,0.06649369391431831,7538.76,501.28,False
2024-02-22,0.0,-4.551593203975481,527.6122738667153,537.8975659429716,548.7183418605783,0.0666922105633772,7516.47,501.29,False
2024-02-23,0.0,-5.884537659356977,522.1935250794497,532.066193231118,542.3558580127934,0.06529706360857333,7429.89,485.15,False
2024-02-24,0.0,-3.977935295016874,290.5904217873024,297.7114882611917,305.2800244540154,0.06620262729403377,4154.82,275.06,False
2024-02-25,0.2,-3.126624084928404,346.7363652152314,354.5826609377548,362.5595961828726,0.06770336666861224,4949.68,335.11,False
2024-03-04,35.199999999999996,-0.41353166688757853,79.26709697298178,85.22028961469536,91.11990003453312,0.06998149077067013,1188.6,83.18,False
2024-03-05,0.0,-8.617819933222313,422.43386251310494,430.6650512469089,439.4415809131561,0.062020209401231284,6013.04,372.93,False
2024-03-06,5.3,-1.6344086427774351,414.1283895450612,423.1789207860153,431.9210881912206,0.06966943391983287,5910.77,411.8,False
2024-03-07,43.1,-0.18282999888717727,332.2447111319276,340.056844602684,348.30154191876505,0.07140765889975341,4747.67,339.02,True
2024-03-08,1.0999999999999999,-2.1249069658841084,390.68962675110697,399.06681688724086,407.81430402622675,0.06902232267258765,5578.63,385.05,False
2024-03-09,7.000000000000001,-1.524239812682617,480.62957198437067,490.3428784987998,499.83222214370676,0.06988443076136691,6852.17,478.86,False
2024-03-10,28.000000000000004,-0.5814151240640856,478.46207991685316,487.5478762406991,497.28628776323484,0.07093334975694765,6815.13,483.42,True
2024-03-11,0.2,-3.185245091517688,474.76420614441685,484.02738076869116,493.24027899324193,0.0681703785629015,6754.84,460.48,False
2024-03-12,2.4,-2.048695548377735,441.75775644995184,450.61170254327305,460.00451332373046,0.06925866645242516,6297.84,436.18,False
2024-03-13,16.8,-0.9590643136191044,424.24098965160243,432.8910536490703,441.1714847546727,0.07058695032227211,6042.76,426.54,True
2024-03-14,2.7,-1.9692167666562717,452.6038254794881,461.56895878861513,470.97233297611984,0.06942356705100333,6446.37,447.53,False
2024-03-15,0.8,-2.3705723825547884,446.7921815500419,455.61928420498873,465.4178164374576,0.06886212024697091,6366.49,438.41,False
2024-03-16,9.3,-1.2913110362399431,425.5257429436958,434.1519547538012,443.50054261026673,0.07013492178855352,6062.03,425.16,False
2024-03-17,0.4,-2.5744165503177587,446.82337787608793,455.66079295257,464.8646622431832,0.06880332409761687,6363.21,437.81,False
2024-03-18,0.0,-4.595985817388474,426.8890528924944,435.394551067258,444.6325973685348,0.06629248569024185,6084.4,403.35,False
2024-03-19,0.4,-2.6140654457231984,426.8337448748514,436.50591096858,445.4590233492829,0.06856629775994222,6092.06,417.71,False
2024-03-20,0.0,-4.000379419610657,384.4567048889872,392.83889204509677,400.59156724318393,0.06690192188695684,5486.24,367.04,False
2024-03-21,0.0,-4.570309910155722,419.4475048317096,427.74684207904806,437.2080809427654,0.0662672561288948,5980.48,396.31,False
2024-03-22,0.2,-2.6821723946162246,340.12033860950794,348.0045780455112,355.9831720707424,0.06820099177592111,4859.9,331.45,False
2024-03-23,4.7,-1.6741809868527564,243.15917933490965,249.7481415816081,256.50264075071897,0.06919487081770943,3482.05,240.94,False
2024-03-24,2.1,-2.092332236793009,276.5580839205494,283.44860557176935,290.71835677283286,0.06865324880207752,3959.9,271.86,False
2024-03-25,0.2,-2.798027426223038,394.05015236919724,402.1605024486796,410.74509281578725,0.06835101506403496,5618.79,384.05,False
2024-03-26,2.7,-1.9017262453723907,386.6485583770493,394.3876821020081,402.7340590052932,0.06944199883650215,5508.77,382.54,False
2024-03-27,4.0,-1.6597153975275376,398.8973955641148,406.83303266495454,416.2729366143183,0.06957466520342429,5687.99,395.74,False
2024-03-28,4.9,-1.6711731762047242,392.5995353902591,400.8111418395663,409.41267963791813,0.069662668532755,5600.13,390.12,False
2024-03-29,3.8,-1.7180120316084182,375.4971788703563,383.7110227665023,391.8312264767344,0.06944918262531684,5364.21,372.54,False
2024-03-30,0.0,-4.105772484242024,379.44455508412625,387.4980953670553,396.29971785060366,0.06656130718448788,5410.05,360.1,False
2024-03-31,3.4000000000000004,-1.751181996571388,294.5393931028642,301.955087624548,309.28253886646587,0.06913363131831626,4219.22,291.69,False
2024-04-01,0.0,-4.836031819321759,351.3075155024041,358.6742517728668,366.920266378555,0.06571581442694999,5008.84,329.16,False
2024-04-02,0.0,-3.783935898513903,294.1442642077916,301.0181289008252,308.7333615528006,0.06636590738428193,4207.13,279.21,False
2024-04-03,0.0,-4.494904045587173,387.38909951888036,395.78142068850934,403.8633476425952,0.06623701592984274,5526.97,366.09,False
2024-04-04,0.0,-4.118647449477815,366.2504569138703,374.6957192648581,382.67130789038146,0.06653950244137331,5232.08,348.14,False
2024-04-05,2.7,-1.8795214393062116,373.4743311885604,381.5385595512091,390.21985007103524,0.06939309427150048,5328.34,369.75,False
2024-04-06,1.3,-2.2616322280392285,289.0323738061276,296.0557399927768,303.6460080223877,0.06844237834825893,4138.81,283.27,False
2024-04-08,1.4000000000000001,-2.158255292570358,126.21508553792634,131.97997445174133,138.1621109260184,0.06624595395355183,1841.32,121.98,False
2024-04-09,60.099999999999994,0.2567265083330724,204.20789298319173,210.67489542785285,216.74393196559942,0.07204848119650659,2940.52,211.86,True
2024-04-10,47.099999999999994,-0.0917471137163994,345.42572904536706,353.0259517937158,361.33674875343826,0.0714161274625303,4936.42,352.54,True
2024-04-11,31.6,-0.4480961186894116,360.44052686106176,368.6145514385254,376.2311614668978,0.07104049184235409,5146.22,365.59,True
2024-04-12,46.2,-0.0697398272062825,358.83888888990805,367.1059694714332,374.5904359312861,0.07149336447950955,5126.21,366.49,True
2024-04-13,42.1,-0.23022206431191738,351.15434162347657,358.80820641323544,367.17041487868767,0.0712446539961408,5017.78,357.49,True
2024-04-14,18.0,-0.9378547962473099,346.8227768345924,354.4773075509876,362.8825530212547,0.07045750708222652,4949.65,348.74,False
2024-04-15,9.5,-1.3429765577673942,330.39588305736476,338.1258674923101,345.94341357876095,0.06990315527564242,4720.96,330.01,False
2024-04-16,19.1,-0.8792540448329351,328.5560619685519,336.4387753135465,344.0708746402739,0.07042885643871133,4701.34,331.11,False
2024-04-17,35.199999999999996,-0.4047605981278411,236.1266508625104,242.92020149773052,250.27973910393504,0.07095433848415203,3393.45,240.78,True
2024-04-18,12.6,-1.2024510638764365,291.3779783483978,299.0847739370462,306.54588979361534,0.06996360951519377,4174.17,292.04,False
2024-04-19,4.5,-1.7181741227584475,305.9672601154937,313.6287147037303,320.6785899127995,0.06928968483391211,4380.45,303.52,False
2024-04-20,33.4,-0.4656445163138202,155.9549711337827,162.61199065146795,168.25787355431473,0.07058553707876014,2267.32,160.04,True
2024-04-21,12.2,-1.2028491244087316,284.3472108682372,291.91997273653703,298.72895719225346,0.06988023260655664,4080.41,285.14,False
2024-04-22,4.8,-1.709578534532868,259.2175671987919,266.11926698572273,273.3697808222024,0.06905823324790458,3719.18,256.84,False
2024-04-23,2.0,-1.9926560853143558,236.16678549404116,242.83041391054576,250.32408317109997,0.06845097806138022,3394.4,232.35,False
2024-04-24,3.3000000000000003,-1.967668502276353,257.6521853937056,264.85662965908557,271.65130869428543,0.06862363181011875,3696.54,253.67,False
2024-04-25,8.5,-1.4256898570267926,302.9485064760544,310.3129094905795,317.3370322594282,0.06971687615820475,4332.38,302.04,False
2024-04-26,2.6,-1.8917163843292963,291.35059270288184,298.492771314946,305.5935963848135,0.06906535614967713,4165.33,287.68,False
2024-04-27,18.6,-0.9309477566755111,159.83169285865276,165.99484382712592,172.041299298546,0.06963826737953534,2318.84,161.48,False
2024-04-28,9.5,-1.2964565688705458,240.01490360948995,246.8295031578359,253.34739030954384,0.06959441223013937,3446.11,239.83,False
2024-04-29,8.799999999999999,-1.3284905038520254,281.6122460858877,288.4721032541245,296.05186994279944,0.0697702113128445,4030.66,281.22,False
2024-04-30,10.299999999999999,-1.254663392872527,217.88129913097822,224.43116677667797,231.3223664050797,0.06955561510807845,3133.32,217.94,False
2024-05-01,3.6999999999999997,-1.7330310209063537,219.11890488871717,225.36944107560714,231.94696929869298,0.06883470383656895,3144.78,216.47,False
2024-05-02,10.0,-1.2727090345522085,263.9126065516626,270.36706151871937,277.6257397747012,0.06978293981399072,3781.44,263.88,False
2024-05-03,16.2,-0.935850180930247,148.82409130308463,155.49349351453486,161.7726405703947,0.06947346086607843,2168.31,150.64,False
2024-05-04,38.3,-0.3459585449733419,177.32035163399513,183.4398651598758,189.7186045540027,0.07099292412274981,2559.41,181.7,True
2024-05-05,69.0,0.5289852325007875,270.3010964961634,277.0408970156102,283.80468431367234,0.07236653372228098,3869.33,280.01,True
2024-05-06,0.3,-2.888866675845433,171.55385511747238,178.00611864683765,184.50761891944273,0.06578025180017391,2482.66,163.31,False
2024-05-07,31.8,-0.4400950680145245,97.74042569390893,103.33418918122499,109.36665079929001,0.07023105777814083,1444.66,101.46,False
2024-05-08,14.799999999999999,-1.0264274119931758,265.2888451164933,272.25969077463077,279.5818013135422,0.06999417085383747,3808.46,266.57,False
2024-05-09,29.9,-0.5081910310904466,269.21566618501697,276.63247179974064,283.02016731298056,0.07080976456152809,3864.58,273.65,True
2024-05-10,43.1,-0.18856520586199346,88.301481277548,94.18735194810367,100.12899937618431,0.07100803256328116,1314.64,93.35,True
2024-05-11,30.599999999999998,-0.5192067173759802,257.8913694044524,265.22943306888857,272.20552519790135,0.07080644419321666,3705.03,262.34,True
2024-05-12,53.0,0.09372768935230952,253.54010706104094,261.1647972471136,268.4015385540638,0.07164192996201423,3652.47,261.67,True
2024-05-13,31.8,-0.4638338003761115,256.62156877754256,263.79313691457133,271.07963515367885,0.07088922301663549,3684.34,261.18,True
2024-05-14,23.9,-0.7425698721311953,239.21388795388884,246.69076787945457,253.39766543925862,0.07038887806063603,3444.01,242.42,False
2024-05-15,15.7,-1.022260842717366,227.57833299705217,234.19416323253074,241.0996174284242,0.06991562957976222,3273.66,228.88,False
2024-05-16,27.500000000000004,-0.5745338337019518,225.89982163087683,232.14222312591812,239.03945528707263,0.07070669686798764,3242.55,229.27,True
2024-05-17,26.3,-0.6185405838619211,215.76052409388993,222.46042330128398,229.37403355859428,0.07053222457641348,3108.65,219.26,False
2024-05-18,25.1,-0.681212859415015,233.87504629430873,240.36873343819278,246.7679878723646,0.0705954957484108,3354.18,236.79,True
2024-05-19,34.699999999999996,-0.4011132147777829,223.19948506371807,229.8724125230556,236.82450249443366,0.07098887601850497,3208.39,227.76,True
2024-05-20,42.1,-0.2144679082913562,214.11639783442237,221.0228462151583,227.62783319751986,0.07115821100054132,3088.47,219.77,True
2024-05-21,38.3,-0.2873607232549457,90.05754450349875,95.69972486200689,101.65024665467938,0.07052582882917587,1340.36,94.53,False
2024-05-22,41.6,-0.22072851576031247,172.6332482306174,178.69960258005563,185.31350623511514,0.07118474294996403,2495.9,177.67,True
2024-05-23,37.5,-0.3197332218184451,186.86701023761194,193.08224584600174,199.65586979403395,0.07094228139576624,2701.21,191.63,True
2024-05-24,34.4,-0.43823934371226925,208.80499634800017,215.37037429303103,222.55557190675384,0.07080392858112917,3009.72,213.1,True
2024-05-25,26.8,-0.6353814258045982,217.6985963984565,223.94470387396146,230.9017252967395,0.07060808864983985,3128.82,220.92,True
2024-05-26,14.7,-1.0601265961491362,210.0889627505333,216.53568551027394,223.4887287722332,0.06983037835849468,3022.61,211.07,False
2024-05-27,24.9,-0.6666298322483444,216.86143900599495,223.0935529734632,230.5461430097566,0.07048746448823846,3117.15,219.72,False
2024-05-28,9.8,-1.3159113625304022,209.44280051116695,215.90013549100752,222.90004749071346,0.06937433501948079,3017.11,209.31,False
2024-05-29,8.6,-1.2701497027943334,190.80876698799224,196.61215624161747,203.5077294003703,0.06931413720555717,2747.78,190.46,False
2024-05-30,40.1,-0.22194454619564893,189.4129871641128,195.75937830154322,201.9858697182782,0.07117602966264747,2735.05,194.67,True
2024-05-31,60.8,0.2872732490857593,172.61586498973517,179.20528752843788,185.55239457497638,0.07228809553321855,2498.06,180.58,True
2024-06-01,36.0,-0.3963021199558608,212.77212231510376,219.46736186290627,226.09428237829073,0.07092182385797963,3065.77,217.43,True
2024-06-02,49.9,-0.059882933626190744,192.81016969920447,198.64630713732453,205.86860508952603,0.07136851633705267,2783.16,198.63,True
2024-06-03,38.6,-0.3348513567056801,52.71800819829684,58.49289452719351,64.18846892634416,0.06956075249139873,817.99,56.9,False
2024-06-04,39.900000000000006,-0.2517731928364553,96.67861661196507,102.32313687651387,108.39290790750293,0.07082739138856681,1430.52,101.32,True
2024-06-05,37.9,-0.322425702919924,88.42272830963329,94.33174293800738,100.22941129047854,0.07047598801454606,1317.47,92.85,False
2024-06-06,42.6,-0.16791847674312996,76.46152978871513,82.65428852296571,88.46362643284989,0.07088815783337243,1155.2,81.89,True
2024-06-07,58.3,0.19530385290228985,200.06186999478572,206.33843565423848,212.97997999827714,0.07195769763403974,2882.11,207.39,True
2024-06-08,35.8,-0.33707502635464837,210.4251655756577,217.05879029816896,223.26351881958044,0.07096910327662319,3033.01,215.25,True
2024-06-09,39.4,-0.30710470038011506,211.50993374620137,218.32750186940706,225.16104791283735,0.07099424705113609,3052.36,216.7,True
2024-06-10,19.2,-0.8842134343355004,205.07839161804924,211.5873176976013,218.34438040923405,0.06999709553256114,2960.98,207.26,False
2024-06-11,54.0,0.04496440179917155,157.42690701836474,163.18513634328994,169.94190712345713,0.07172529838577532,2282.04,163.68,True
2024-06-12,42.3,-0.19044721300972173,196.2245034646248,203.05112925047993,209.54485468443517,0.07133174713842329,2832.82,202.07,True
2024-06-13,28.9,-0.5526858079479617,204.71719703318035,211.12919032665607,218.04567337951258,0.07057883309891302,2953.01,208.42,True
2024-06-14,37.1,-0.31517925653727663,196.73339169225116,202.89371819689987,209.2603101925689,0.07094955330257448,2837.65,201.33,True
2024-06-15,51.9,0.026528364285074026,205.2776778542484,211.54973178298474,217.9814606046324,0.07156713641165056,2958.9,211.76,True
2024-06-16,35.5,-0.3876969807411517,178.2193357958808,184.10540110046384,190.04309979838538,0.07083807825736692,2572.91,182.26,True
2024-06-17,52.800000000000004,0.06328929871418536,109.52410159671123,115.52026755493392,121.62035096707474,0.07180844465338032,1613.32,115.85,True
2024-06-18,40.5,-0.21061173104678949,75.03893589629209,80.48781246225175,86.42938384715927,0.07102201756501621,1120.92,79.61,True
2024-06-19,28.599999999999998,-0.5824409453252619,179.14366989029116,185.6455779323419,192.15533247221242,0.0705764178370513,2588.4,182.68,True
2024-06-20,44.0,-0.1423990777316,172.0383444367324,178.17464369145569,184.63069171500328,0.07131974897340895,2487.67,177.42,True
2024-06-21,43.6,-0.19448704654827662,65.77861024234339,70.95965064005601,76.6822693400877,0.07073133946144122,994.75,70.36,True
2024-06-22,52.300000000000004,0.07167699645705217,161.65414631800664,168.24800948763541,174.55524858959868,0.07178781771686556,2348.17,168.57,True
2024-06-23,35.5,-0.370534690846073,202.60926870116208,209.07317151443118,215.73202199018942,0.07091909863165956,2923.19,207.31,True
2024-06-24,42.699999999999996,-0.18613175631003645,192.22954396208735,198.54323347445808,205.00821639604183,0.07126473258729037,2772.76,197.6,True
2024-06-25,54.2,0.07425033263981688,202.2094643641995,208.8062125504764,215.5661484256057,0.07176525030534417,2917.15,209.35,True
2024-06-26,37.9,-0.31806570086273234,202.08668186094954,208.71753296055726,214.87847274968428,0.07096619348866276,2916.6,206.98,True
2024-06-27,10.7,-1.2583188486901151,192.48494285061702,199.18345995126813,205.73434220192547,0.06922676430612493,2785.05,192.8,False
2024-06-28,18.3,-0.8897022493574385,182.9124087110183,189.39798990284083,196.2494184297625,0.06987631069797796,2644.53,184.79,False
2024-06-29,52.300000000000004,0.07265562980266276,152.7514127565577,158.68539639298996,164.56146057452202,0.07171436945588815,2216.85,158.98,True
2024-06-30,34.2,-0.3671693259451578,175.89602911316888,181.99491699121694,188.05863809447894,0.07089480288250383,2541.23,180.16,True
2024-07-01,48.0,-0.0768572969952438,109.8467633176668,115.46567308887848,121.5196589963486,0.07129330506894577,1615.86,115.2,True
2024-07-02,49.4,-0.013280511124557554,90.99088234544014,96.95855479439956,102.92498847552504,0.07164890109873812,1351.87,96.86,True
2024-07-03,47.599999999999994,-0.03180202622935248,83.48577545933767,89.53831299848436,95.08981547899279,0.07150631426644499,1249.54,89.35,True
2024-07-04,59.8,0.2347592517724318,153.44563243027966,159.59662686846443,166.23176817765085,0.07210575148388952,2230.89,160.86,True
2024-07-05,53.400000000000006,0.11914140906147211,207.03000279078202,214.27621032339817,220.94104356721485,0.07183900354802232,2989.88,214.79,True
2024-07-06,0.4,-2.581705985385408,191.90352145537767,198.16801167832529,204.50945321952742,0.06715585832971718,2762.38,185.51,False
2024-07-07,51.4,0.027372816908060826,61.119484238479544,66.93304140489968,72.6141895171872,0.0718022788511183,934.65,67.11,True
2024-07-08,71.6,0.5929740794796363,95.65272505661788,101.5013904014675,107.75125030035937,0.07365175233476212,1417.21,104.38,True
2024-07-09,36.5,-0.36875982385234884,38.49202875243736,43.758315463467994,49.54055814364771,0.06910416280812617,611.83,42.28,False
2024-07-10,52.900000000000006,0.06512421041220232,72.1051886875294,77.74663481041966,83.68587107172135,0.07200781444947489,1085.16,78.14,True
2024-07-11,65.5,0.40299713352200767,105.21705026227144,111.66029242401217,117.21818003522174,0.07271653134136664,1557.28,113.24,True
2024-07-12,78.4,0.773213992218188,132.8351029318008,139.04087864201415,144.89680592080737,0.0734628431994603,1939.62,142.49,True
2024-07-13,56.49999999999999,0.1473908356080252,79.92120411659587,85.54821889190605,91.70620482553593,0.07229208171701682,1194.46,86.35,True
2024-07-14,79.3,0.7977885920503158,153.86440623200167,159.9930233386259,165.89963269520155,0.0733171192390512,2232.63,163.69,True
2024-07-15,75.3,0.6845156619265478,203.31827810208463,210.09074459538868,216.79264706226112,0.07281588161994418,2932.19,213.51,True
2024-07-16,73.3,0.6296003378981325,134.25137136530128,139.76819183767054,145.88395542865274,0.07316236160504291,1952.37,142.84,True
2024-07-17,77.0,0.7232594524636847,144.9053556281756,150.86128977259835,157.1099976748449,0.07330327915989185,2105.09,154.31,True
2024-07-18,68.10000000000001,0.47513472984872945,136.81802204524487,142.809691532427,148.8456645395297,0.07272035214644218,1996.69,145.2,True
2024-07-19,76.7,0.7320861890874492,139.97471168615297,146.06424539016578,152.452094433018,0.07339962340482092,2039.52,149.7,True
2024-07-20,77.5,0.7853398625330938,217.14972177411167,223.97119130945063,230.14499634091334,0.07285848637810584,3126.06,227.76,True
2024-07-21,82.19999999999999,0.9256187613647134,211.88571134311823,218.48520485453787,225.05131182831323,0.07320302997112163,3050.83,223.33,True
2024-07-22,77.7,0.7337448426463882,239.8624232015533,246.44837390060297,253.38649389543636,0.07279334804256503,3439.6,250.38,True
2024-07-23,78.7,0.8217934547116981,210.52513970043864,217.01837646343247,223.61638162269654,0.07297793933307449,3031.19,221.21,True
2024-07-24,38.7,-0.29088019536916715,57.565348447928166,63.34571300096721,69.41251607994232,0.07004435607945243,886.01,62.06,False
2024-07-25,77.60000000000001,0.7207435890681525,238.8116356151585,245.94268678314728,252.68712398481776,0.07265861156920995,3437.17,249.74,True
2024-07-26,75.8,0.7163009153924733,236.4041161173475,243.30562881759656,250.02300287965102,0.0727487300616421,3397.86,247.19,True
2024-07-27,47.0,-0.08821013915880657,66.0171482207589,72.16333889234991,78.17001447769982,0.07102008501927369,1010.7,71.78,True
2024-07-28,85.3,1.0708768806951465,161.62900101012025,167.38949246053485,173.79203163805659,0.07374597229398136,2340.06,172.57,True
2024-07-29,82.3,0.9096990032774727,160.3289618459257,166.3004176995126,172.3555030913251,0.07335281726335462,2326.7,170.67,True
2024-07-30,91.4,1.3123099291104348,216.52732312778414,223.39338219745233,229.94171187280722,0.07378543707800395,3120.67,230.26,True
2024-07-31,85.7,1.0807628226779413,257.3390288916099,264.5887602500723,271.69891468797994,0.07327053902166822,3692.48,270.55,True
2024-08-01,64.0,0.3335043184508669,243.95161862940657,250.70453294682034,257.9059267419535,0.0720926979317404,3502.99,252.54,True
2024-08-02,81.89999999999999,0.9361609685429952,207.26305323197204,213.52454549401358,220.43714977969208,0.07322482726592083,2984.78,218.56,True
2024-08-03,73.5,0.5829411904557211,269.55463997638503,275.95002430809075,283.29464397918883,0.0724175012444664,3859.15,279.47,True
2024-08-04,84.39999999999999,1.0395532601139152,193.47977024176365,200.3668967589333,206.89021860660085,0.07339714760325312,2801.88,205.65,True
2024-08-05,79.10000000000001,0.8005018258292391,143.75344440931806,150.1680100260258,155.92377931458037,0.07356670522906557,2089.94,153.75,True
2024-08-06,67.5,0.42982623928662483,263.62888055678735,270.9651584188141,277.84284528644525,0.07224963721292442,3783.41,273.35,True
2024-08-07,56.99999999999999,0.163312995665565,226.47937538381504,233.2787699245247,239.94172777649496,0.07189193335731309,3257.25,234.17,True
2024-08-08,46.2,-0.12360628826069787,73.62729218518277,79.03700777460469,85.25953004856429,0.07117573029705526,1104.59,78.62,True
2024-08-09,83.6,0.9735192840159305,218.54414969880125,225.4336645463656,232.37940750519226,0.0733738615127219,3143.49,230.65,True
2024-08-10,28.599999999999998,-0.5672110585494538,28.134538623503747,33.90174731976687,39.8939588486075,0.06608096963932975,473.51,31.29,False
2024-08-11,76.9,0.7047948599230897,207.37574123270036,213.51241841672737,220.07919573354377,0.07279552231363894,2983.7,217.2,True
2024-08-12,0.0,-39.74640061065528,238.6845349544676,245.79059684901443,252.5998421326553,0.009509325779039474,3432.42,32.64,False
2024-08-13,0.0,-6.535824142673436,96.59482127287257,102.14752940805926,108.21682448582561,0.050936628661442954,1427.46,72.71,False
2024-08-14,73.4,0.5831047025668614,173.79660204214161,180.11444936573588,186.29316972162817,0.07269966568778509,2515.83,182.9,True
2024-08-15,66.60000000000001,0.4013520778080851,304.92614758156463,312.27362007301224,319.7585815448099,0.07213328196985813,4362.48,314.68,True
2024-08-16,49.4,-0.015138911830984743,301.7181197402988,308.8976128869702,315.9075285955175,0.0715784057002245,4314.29,308.81,True
2024-08-17,75.3,0.6901978681789626,149.8950294668079,156.71278207371586,162.8972256059547,0.07317441155375068,2187.24,160.05,True
2024-08-18,81.10000000000001,0.8741923638142327,278.25218122988383,284.8105656511776,291.73118075050195,0.07276066435208296,3980.31,289.61,True
2024-08-19,49.4,-0.014169398359512019,310.8956995604641,318.28188448260113,326.00528433830266,0.0716090833849173,4443.71,318.21,True
2024-08-20,47.8,-0.08265730682059308,274.50858783202926,281.43826787169365,288.81893101407144,0.07143347179646213,3935.55,281.13,True
2024-08-21,78.8,0.7866940657565276,260.5211044165753,267.81860163858573,275.1545146789009,0.0726698472935575,3745.57,272.19,True
2024-08-22,51.6,0.01805022128933322,310.99757808253395,318.2379161970628,325.46630644497964,0.07170057761500251,4440.55,318.39,True
2024-08-23,55.800000000000004,0.14274970139372237,314.42760159969293,322.2568495985897,329.8591113126333,0.07174380921807358,4502.27,323.01,True
2024-08-24,77.3,0.7650988744080721,239.8796125672838,246.71671356267578,253.78673794250597,0.0727609667609897,3448.14,250.89,True
2024-08-25,82.6,0.9258937466249753,190.29862298635038,196.80445449447018,203.4230731413454,0.07325779631429723,2750.97,201.53,True
2024-08-26,66.0,0.3709979518614668,136.91397883161358,142.62807770162277,148.7111158674516,0.07235648483287567,1995.26,144.37,True
2024-08-27,76.0,0.7287787898713234,133.83359722224128,139.97447370023355,145.79687751613622,0.07321547183423663,1957.1,143.29,True
2024-08-28,88.4,1.1947159278269959,270.7127215736636,277.8118166302647,284.8875686587933,0.07335078059655505,3878.35,284.48,True
2024-08-29,45.2,-0.13186745641820033,348.6680828896664,356.46637389581355,364.19966345522954,0.07145626308000212,4978.29,355.73,True
2024-08-30,39.900000000000006,-0.27390994561749143,355.2901800526982,362.8080583228102,370.88428905930954,0.07127675319039761,5067.15,361.17,True
2024-08-31,41.199999999999996,-0.23357163522924307,349.79079071639893,357.32343807053144,365.51962753327086,0.07126160273637558,4996.66,356.07,True
2024-09-01,77.60000000000001,0.73403854042149,352.542212543052,360.3288289076284,368.8533511327053,0.07251001235586851,5036.27,365.18,True
2024-09-02,1.7999999999999998,-2.0857105040955215,332.1019652272963,340.29368485168163,347.69702922613925,0.06887575805864345,4752.18,327.31,False
2024-09-03,75.4,0.6766120172605493,239.16155992399814,246.3522619768342,253.26941184000282,0.07257509443690408,3443.33,249.9,True
2024-09-04,68.89999999999999,0.5087362317945191,169.17169141427811,175.68870716467228,182.3562694290169,0.0726505827399745,2453.8,178.27,True
2024-09-05,33.0,-0.4255131998884446,354.3614717137131,362.0782970655679,370.6201603650823,0.07107130645774408,5060.27,359.64,True
2024-09-06,46.800000000000004,-0.09523881226358526,372.46551777179945,380.5397533757639,389.4831896729491,0.07156065923116485,5310.32,380.01,True
2024-09-07,50.0,0.030663751738487854,369.26805648647655,377.2792213613269,384.8090751378825,0.07164777732527729,5265.76,377.28,True
2024-09-08,84.2,0.9779910717777358,310.91835644367944,318.6884052725145,326.2758705890406,0.07291769652951273,4450.36,324.51,True
2024-09-09,52.1,0.06099229390131278,373.6077943770335,381.96248507685516,390.50507988091647,0.07166177500053193,5335.62,382.36,True
2024-09-10,30.099999999999998,-0.5272214337020608,384.2591937040309,393.0836065613384,401.49900673382746,0.07096016388418663,5491.25,389.66,True
2024-09-11,0.0,-4.890050531196186,383.01845091131185,391.6815694761402,400.33728847289706,0.06558417680606025,5466.41,358.51,False
2024-09-12,22.6,-0.7364768312726118,319.4550741854545,327.1279415032084,334.27765549967364,0.07055489715214412,4573.46,322.68,False
2024-09-13,16.2,-0.9749841925602873,331.63600868367786,339.59404111025856,346.85601208729196,0.07040586137228419,4738.81,333.64,False
2024-09-14,14.099999999999998,-1.072055494035388,389.1301199824331,397.29254335156554,405.8152574179748,0.07040790938404205,5546.82,390.54,False
2024-09-15,65.7,0.43820194705433285,231.8393428571785,238.65277117752356,245.17956934726755,0.07217439747671933,3338.58,240.96,True
2024-09-16,20.5,-0.8517438731707654,410.2800128198666,418.26777633116325,426.9554551030665,0.07058489609911073,5848.56,412.82,True
2024-09-17,3.3000000000000003,-1.914625454630729,408.3900054502748,417.301413580058,426.18605788129315,0.06932711812601437,5826.58,403.94,False
2024-09-18,48.9,-0.025179589431798866,156.8647979948465,163.1877182372881,169.5501633042476,0.07148463704226521,2280.49,163.02,True
2024-09-19,80.0,0.8434134286995204,403.7786481604675,412.533173734088,421.79315766084886,0.07264556093168625,5763.05,418.66,True
2024-09-20,64.8,0.3322344965929442,422.98935837318055,431.52415115199454,440.4718299378612,0.0719047390096582,6034.79,433.93,True
2024-09-21,24.0,-0.7199994604732873,425.9856432974853,435.129329809561,444.22795898722643,0.07075838890769047,6076.17,429.94,True
2024-09-22,12.9,-1.0991265955146903,407.53351949223907,416.3215219120357,425.17462009532494,0.07030615474472658,5811.44,408.58,False
2024-09-23,2.0,-2.0874530631881605,404.36019428900494,412.6682768379639,421.2673206747264,0.0691262539873709,5766.55,398.62,False
2024-09-24,59.8,0.2419941667993886,223.9443103106482,230.59812764520254,237.49866323900847,0.07204783720678797,3219.25,231.94,True
2024-09-25,77.8,0.8216690040056941,193.93898834641195,200.02469709569277,206.3194966346563,0.07300121260673094,2795.57,204.08,True
2024-09-26,23.9,-0.7128337115974291,399.74850617495196,409.14526434984657,416.9531543766342,0.07070981158451359,5712.22,403.91,True
2024-09-27,43.9,-0.11765942423343995,299.1526950682975,306.42174350324484,313.28475137259466,0.07144877231907612,4278.45,305.69,True
2024-09-28,46.0,-0.08014476257810087,90.56666529295006,96.35871674232621,102.12140413293636,0.07124408087695452,1347.34,95.99,True
2024-09-29,41.8,-0.19868121203232697,337.31330059933305,344.9279282268126,352.73949852507815,0.07139297903194207,4816.44,343.86,True
2024-09-30,0.0,-38.13226032832647,328.14624103488654,335.94687652339593,344.1363215068465,0.020553199646141197,4692.7,96.45,False
2024-10-01,0.0,-39.64229387691807,367.84628010329453,375.53328229482554,383.4342823557892,0.02610018011469269,5240.96,136.79,False
2024-10-02,51.9,0.092097641645757,386.36359701952375,395.4391495973335,403.7926818369013,0.07168208897168171,5522.3,395.85,True
2024-10-03,7.199999999999999,-1.4983666632271093,465.9049836245268,475.46131910493455,484.9813045666929,0.0699145239864246,6643.97,464.51,False
2024-10-04,0.0,-3.2732324845950043,440.97574616894303,451.1717102421936,460.78131995432557,0.06765992626441293,6301.81,426.38,False
2024-10-05,1.0,-2.385256542873808,435.53870303304507,445.2198246286944,454.05333486892374,0.06887761259217597,6213.63,427.98,False
2024-10-06,2.4,-2.0090887842382648,416.87484368296435,425.48086278322324,433.88396532832326,0.06930959812669274,5938.86,411.62,False
2024-10-07,0.6,-2.3689962031636664,437.95990559399183,447.4809155953848,456.727040280688,0.06893033936370153,6244.13,430.41,False
2024-10-08,1.3,-2.3478166966334153,379.6768751893586,388.21719906187525,396.5449763444947,0.06877590258799486,5419.34,372.72,False
2024-10-09,30.0,-0.5253120620992904,124.46044497283032,130.21732206503208,136.66295689329135,0.07020297933419528,1821.86,127.9,False
2024-10-10,42.0,-0.1920670305103898,283.9911466161351,290.8899707530569,298.6996506758099,0.07130579754363951,4066.71,289.98,True
2024-10-11,0.4,-2.533886813426178,476.40734400161,486.6781056289914,496.00817960574864,0.06879514611420522,6790.45,467.15,False
2024-10-12,3.2,-1.7777883629002054,361.21819323907783,369.6130192553053,377.5976736404092,0.06943483810625244,5161.53,358.39,False
2024-10-13,0.4,-2.570637836440711,399.00170035342654,407.44915416888443,415.9458801226607,0.0686835736147576,5689.57,390.78,False
2024-10-14,9.0,-1.3497855355026784,489.5526817731485,499.56776101082073,509.27221157396,0.07007403204377832,6980.76,489.17,False
2024-10-15,0.3,-2.755404548428203,510.94726010950876,520.6339069964176,530.9638863417856,0.06858080979356447,7272.88,498.78,False
2024-10-16,0.0,-4.078929775517609,490.6165799673492,499.7478327700692,508.80630072869275,0.06745717822518155,6977.76,470.7,False
2024-10-17,0.0,-3.643849400251982,349.8785359956878,357.5155802877805,366.00853947992385,0.06703755102823536,4993.47,334.75,False
2024-10-18,0.8,-2.4039773470502666,486.94469966853694,496.4432901640464,506.4000927785252,0.06903312365557257,6931.6,478.51,False
2024-10-19,1.7000000000000002,-2.13499344403612,509.34393596383387,519.7869253715037,529.8784140213545,0.06930723085699264,7256.53,502.93,False
2024-10-20,0.8999999999999999,-2.107347523070375,513.9561409807465,523.463169716847,534.4602987063521,0.06937792172927584,7313.71,507.41,False
2024-10-21,0.0,-4.663987845565273,508.46966788177923,518.508345398559,528.0296222061437,0.06662404303053655,7241.68,482.47,False
2024-10-22,0.0,-3.901181405574664,511.83137657986697,521.9456209272214,532.5857229751401,0.06737100655351753,7295.72,491.52,False
2024-10-23,0.0,-6.297318287065007,513.3301583945461,523.5128237044503,533.6531220200802,0.06491741226516719,7312.83,474.73,False
2024-10-24,0.0,-4.478184744403757,474.20286214712974,483.6366594635367,492.96316803399014,0.06675185112359813,6753.97,450.84,False
2024-10-25,0.3,-2.70316272260337,509.85719752499733,519.4408483395687,529.488020640312,0.06870069224410225,7261.79,498.89,False
2024-10-26,0.0,-3.6130219199117968,458.894402081088,468.1551763411759,477.41237689496495,0.06751838484340301,6542.07,441.71,False
2024-10-27,0.1,-3.0003277218673086,286.57855816788094,293.46587272976547,301.12580522959615,0.06734716762378538,4101.88,276.25,False
2024-10-28,0.0,-4.9564467197496045,433.6724987225234,442.02528030804905,450.9155778465492,0.06605392870184178,6175.56,407.92,False
2024-10-29,0.1,-2.9511283317849286,537.9853123768561,548.0094095362849,558.3923092842889,0.06851691692575088,7654.46,524.46,False
2024-10-30,5.0,-1.615095037908548,554.6298708214472,565.3756949814772,575.6659857653996,0.06988800801264397,7898.78,552.03,False
2024-10-31,0.1,-3.8849478861840554,528.9831524774121,539.2443251877021,548.6693351341864,0.06756153788052015,7530.32,508.76,False
2024-11-01,0.0,-3.1013038524722463,548.4491837975257,559.1908735194941,570.1797318400837,0.06834536057839072,7810.04,533.78,False
2024-11-02,0.0,-3.1005235635753685,481.8456805837416,491.3742569775129,500.8521204062763,0.06833406208011454,6861.0,468.84,False
2024-11-03,0.0,-3.371762097593487,501.79355236900284,511.24237570039156,521.1665214066358,0.06804829440658561,7140.37,485.89,False
2024-11-04,26.900000000000002,-0.58595548798249,313.94230767203885,321.60275020133577,329.1742477194039,0.07083459461732879,4492.72,318.24,True
2024-11-05,0.2,-2.6006574484193705,556.6816533333433,567.0479438185818,577.3151443662467,0.06889704675612193,7926.9,546.14,False
2024-11-06,0.7000000000000001,-2.6557039531708595,562.9293992999994,573.087332116665,584.1402234036525,0.06881842953684766,8003.67,550.8,False
2024-11-07,0.0,-3.094271323436568,535.804977170756,545.5061571642239,556.6331657915729,0.06841501835750702,7614.41,520.94,False
2024-11-08,21.7,-0.7393095822552919,366.1069363165146,374.77498544647693,382.9644046875492,0.07058111933199111,5240.92,369.91,True
2024-11-09,0.2,-2.628157187381626,573.045318545968,583.9153459878173,594.2840724443774,0.06886979072623062,8159.02,561.91,False
2024-11-10,13.100000000000001,-1.1474601960742885,393.3515001333173,402.1016238445224,410.347851872721,0.07028470383985057,5610.04,394.3,False
2024-11-11,0.0,-3.741384635880702,575.760119461856,586.254914400301,596.8470473884043,0.06782919679721654,8181.58,554.95,False
2024-11-12,0.0,-4.797202648775785,570.5691510207281,581.1744230984317,591.929980029933,0.06662429591693557,8118.81,540.91,False
2024-11-13,0.2,-2.816373983935948,581.2690577390837,591.873810945284,603.4709699576068,0.06868683202159437,8266.65,567.81,False
2024-11-14,0.0,-3.593198415288487,581.9276997882431,592.8850407108866,603.0414431427228,0.06800437707376296,8270.35,562.42,False
2024-11-15,0.0,-3.621451891515729,590.0145980177901,601.7823145201287,612.2429567949837,0.06794049645729183,8408.24,571.26,False
2024-11-16,0.0,-3.837145907512947,592.3940823405214,603.1135552658095,613.8201601144125,0.06772749013204776,8425.53,570.64,False
2024-11-17,0.0,-5.1075622972860355,591.6231088175982,603.2821409576143,614.0415254178951,0.06625697659823572,8421.0,557.95,False
2024-11-18,0.0,-4.023485525081289,569.415176587672,579.848796697057,590.7698926945893,0.06740756101485892,8101.02,546.07,False
2024-11-19,0.0,-3.846391317717194,504.0136118572477,514.4096381404227,523.8732665120315,0.06751882023996862,7177.11,484.59,False
2024-11-20,0.0,-5.483682371799727,459.2820892345009,469.02614531944135,478.41783268649556,0.06524792774775612,6542.43,426.88,False
2024-11-21,0.0,-4.580005991311686,591.2192505527335,601.7148555152047,612.7438100652965,0.06694338104035125,8403.37,562.55,False
2024-11-22,0.0,-4.652402269679283,496.83882014225276,507.642859478258,517.5776441258113,0.06641472569072038,7083.67,470.46,False
2024-11-23,0.0,-4.8123720374949945,596.2088316887806,607.0599713499939,617.9878392051982,0.06660093455174387,8478.86,564.7,False
2024-11-24,0.0,-5.3308630952841956,601.14363091919,612.7922253344436,624.3031471831993,0.06591122928253966,8555.75,563.92,False
2024-11-25,0.0,-3.702815195476964,430.6923809841156,440.10249023141705,448.8949991999247,0.06736831491115806,6149.33,414.27,False
2024-11-26,0.0,-2.981983877461922,375.7427992184941,383.50014405246566,391.56578674502714,0.06816441915382378,5355.58,365.06,False
2024-11-27,0.0,-11.34274104639895,535.9836452100205,546.9775029162082,556.9774183762094,0.05960137481452184,7640.26,455.37,False
2024-11-28,0.0,-3.9489269333766095,610.4546044619681,621.2647228491705,633.0723040059838,0.06741490229440333,8684.43,585.46,False
2024-11-29,0.0,-4.674987551157072,617.2161799219299,627.963885400043,639.8952123124584,0.06694688983433465,8771.58,587.23,False
2024-11-30,0.0,-4.0842888622471465,619.258893550368,631.027756330623,643.3014231202906,0.06734053747698719,8808.81,593.19,False
2024-12-01,0.0,-4.39002495469032,590.0657098614635,600.8978936681888,612.103235083512,0.06721297214566349,8392.13,564.06,False
2024-12-02,0.0,-4.26539657554119,601.7539948601759,613.1698465488226,624.704817131556,0.06723868899352171,8568.43,576.13,False
2024-12-03,0.0,-3.8132102618422716,469.6561621824869,479.2946599477517,489.9116203981596,0.06717337622630239,6694.17,449.67,False
2024-12-04,0.0,-4.223782995694298,581.8444485405612,593.4074894415505,603.8125873603858,0.06726947042884308,8279.09,556.93,False
2024-12-05,0.0,-4.799060390666187,551.823796614728,561.9845087088622,573.0233739493777,0.06655930814061765,7849.09,522.43,False
2024-12-06,15.6,-1.0482191610890554,155.3736339731938,161.72303226628338,168.30758772070325,0.06922685990267723,2262.85,156.65,False
2024-12-07,0.0,-4.958024699587779,593.2458737605073,604.0938089443582,615.1979563878655,0.0665304599562326,8443.05,561.72,False
2024-12-08,0.0,-5.6269034807954625,628.6162756979912,639.9211077127093,651.1942129733549,0.06602102622501639,8931.7,589.68,False
2024-12-09,0.0,-5.302180481322147,621.9758942969139,633.1458858596789,644.317372312738,0.06633630880920292,8838.9,586.34,False
2024-12-10,0.0,-5.543163535393828,600.4748005732276,611.045986260887,621.8281364562482,0.06609462861828172,8541.39,564.54,False
2024-12-11,0.0,-7.878337121743498,527.416181923834,537.4632156967842,547.4601138650143,0.0635908495845753,7502.18,477.07,False
2024-12-12,0.0,-6.722097341047926,506.57047059518,516.1321904642966,525.929219885305,0.0646864036245297,7208.47,466.29,False
2024-12-13,0.0,-6.5402493099219505,535.5872268963632,545.907244650253,556.6126047007189,0.06478775270979799,7619.65,493.66,False
2024-12-14,0.0,-5.438027332672422,633.1996324370017,645.7083029723634,657.7312059490578,0.06590785666848709,9022.9,594.68,False
2024-12-15,56.00000000000001,0.11158735934824977,258.78181431105406,265.8618127394727,273.59465217224624,0.07178955864591238,3716.0,266.77,True
2024-12-16,0.0,-5.3673401911593555,464.70354517859903,474.6503944731187,484.00454257265676,0.06571133409266897,6621.08,435.08,False
2024-12-17,0.0,-6.979471183280061,581.804291539179,592.3830218606747,603.9119092708675,0.06450907156150547,8273.1,533.69,False
2024-12-18,0.0,-4.320911100209469,633.9415389600362,645.6531782434827,657.5732154975207,0.06715360513334778,9019.62,605.7,False
2024-12-19,0.0,-4.128198393417767,630.5330298368524,642.5415296301671,654.6476720256582,0.06728117376645076,8974.13,603.79,False
2024-12-20,0.0,-9.296815886136493,615.5813512824928,626.6508421579406,637.3336817807568,0.0624073309765834,8747.53,545.91,False
2024-12-21,0.0,-3.754526953315946,628.0934915204775,640.3874608313124,652.0507203090426,0.06764239709699228,8946.46,605.16,False
2024-12-22,0.1,-3.995469843140333,627.0820272363887,639.869917875133,651.213192243838,0.06744259989124067,8932.04,602.4,False
2024-12-23,0.0,-3.9125569183758047,619.7509432207308,631.404262858995,642.5117983711033,0.06769312780658374,8816.7,596.83,False
2024-12-24,0.0,-4.5364003830706485,631.8257080509117,642.8076529167574,654.3837358949888,0.06719850765810938,8973.86,603.03,False
2024-12-25,0.0,-5.2428837631491225,628.0074226590452,639.1058195795911,650.7968310062038,0.06629342867409856,8927.28,591.82,False
2024-12-26,0.0,-4.827315662154045,590.095457204621,600.6314728959027,611.7770600737374,0.0667476610697763,8387.41,559.84,False
2024-12-27,0.0,-6.486558374017728,479.5627750505272,489.13802738331003,498.7935129228998,0.06449458443153186,6827.55,440.34,False
2024-12-28,0.0,-4.546787468192397,611.4815680644924,623.287149362455,634.103400878595,0.06677664379049164,8704.84,581.28,False
2024-12-29,0.0,-3.9461478038876834,408.8675681057805,417.9310429036563,426.7554852797345,0.06702588497233392,5831.18,390.84,False
2024-12-30,24.5,-0.6992222925878456,374.7465988274651,383.15100958720643,392.2909028982144,0.07081064299564445,5347.36,378.65,True
2024-12-31,0.0,-5.023393983353417,622.917367889098,634.0413487733226,646.5810064444286,0.06648934968474804,8857.96,588.96,False
2025-01-01,0.0,-4.933434233974533,630.3454353702765,641.6510187137014,653.0322432769818,0.06661736177994883,8964.63,597.2,False
2025-01-02,0.0,-4.663651514439589,622.78727645579,633.6596784580281,645.5777048780847,0.06697495565143455,8857.49,593.23,False
2025-01-03,0.0,-5.311412940964653,620.696123064839,632.2122128283803,643.0996355818955,0.06628800102521817,8831.01,585.39,False
2025-01-04,0.0,-4.75192725920271,622.2334573986755,633.8235195501966,645.7510133536789,0.06685125284574564,8845.01,591.3,False
2025-01-05,0.0,-5.357931833643906,483.9034383693832,493.04175691675755,503.13955694589845,0.06584557424720924,6890.82,453.73,False
2025-01-06,0.0,-4.88905489481035,626.9563119000205,638.3203282410535,650.3434391873808,0.06672569211081908,8911.41,594.62,False
2025-01-07,0.0,-5.393571377728111,606.909949122536,618.3584488424906,629.5481635743939,0.06611973915237196,8639.78,571.26,False
2025-01-08,0.0,-4.975366450718187,602.981043262653,613.8819044133563,625.5040517570809,0.06652998569086284,8579.59,570.8,False
2025-01-09,0.0,-5.043848718368273,529.3126363502806,539.6635143127064,549.9162490698468,0.06628474972148664,7535.67,499.5,False
2025-01-10,0.0,-5.640109852206879,592.0510498136575,604.047814868798,614.5291382957399,0.06579290743018076,8430.24,554.65,False
2025-01-11,0.0,-4.701729542831029,610.4522793758916,622.2993335697138,633.2235368624645,0.06667969198176305,8701.0,580.18,False
2025-01-12,0.0,-4.741657035951988,591.2638337699735,601.7337574917638,613.79361374065,0.06662883640238679,8405.97,560.08,False
2025-01-13,0.0,-5.787336700823221,606.884390592032,617.6154138059675,628.6997624466669,0.06576025252658761,8622.99,567.05,False
2025-01-14,0.0,-4.098003952191115,418.44851860562335,427.220611118153,436.2782073650221,0.06662577344042231,5966.76,397.54,False
2025-01-15,0.0,-5.792430786164696,594.1904226392036,604.8199054832744,615.5359448562762,0.06567303764397779,8447.15,554.75,False
2025-01-16,0.0,-4.243920654744359,594.1320128501601,604.255346116942,615.8463658083571,0.06724060978293152,8446.83,567.97,False
2025-01-17,0.0,-6.16261283906004,610.9998552284819,621.282512357963,633.1078275421042,0.06544088275947098,8687.23,568.5,False
2025-01-18,0.0,-5.675572120313307,607.4068967038666,619.097065113245,630.5974975370083,0.06573878204553232,8646.19,568.39,False
2025-01-19,0.0,-5.258608697012036,595.6817347113474,606.2355333020438,617.4101562931513,0.06625048106903535,8470.58,561.18,False
2025-01-20,0.0,-5.059570575082028,600.0826748645472,610.9892900247842,622.0473814895901,0.06654784795582054,8534.01,567.92,False
2025-01-21,0.0,-5.671022879654442,592.4177508251283,602.9644098719073,614.9117206475141,0.06579789171540544,8424.89,554.34,False
2025-01-22,0.0,-7.692508912025104,587.9447329430093,598.9076619565099,610.052541213936,0.06363579852106978,8365.26,532.33,False
2025-01-23,0.0,-4.49469657452098,402.6406085323154,411.35287781233103,419.9419786060979,0.06632817409620777,5743.11,380.93,False
2025-01-24,0.0,-6.582089669435297,567.9692574751015,578.5311794188663,589.0989737352322,0.06501458663761539,8075.88,525.05,False
2025-01-25,0.0,-7.0611876775355125,573.827250450784,584.6299103687006,595.311151591812,0.06444325260760216,8166.72,526.29,False
2025-01-26,0.0,-4.965034122589961,573.4093743833645,584.8212263760481,596.0451168133454,0.06628417400115504,8169.22,541.49,False
2025-01-27,0.0,-4.416326846275073,570.3073340266301,581.0543215121706,591.8541260404859,0.06713130260859687,8108.14,544.31,False
2025-01-28,0.0,-6.139061404497941,561.0500084034887,571.2632162517941,582.1911588035276,0.06532138698092603,7979.01,521.2,False
2025-01-29,0.0,-4.579947728690485,559.5630990351831,570.3889422400094,582.019630119547,0.06652021838442042,7970.96,530.23,False
2025-01-30,0.0,-6.031851943513659,371.0702511076387,379.12853986872227,386.7070095111315,0.06464046349404085,5295.29,342.29,False
2025-01-31,0.0,-6.76491252016804,528.3446411669476,538.8116443948738,549.0190248385807,0.06454068324436824,7514.64,485.0,False
2025-02-01,0.0,-7.3765529597649095,538.5372483124908,548.1520713861586,558.1801183258225,0.06401820771164082,7658.29,490.27,False
2025-02-02,0.0,-6.462912769814921,553.5136939481835,564.0607202039026,573.681875891232,0.06495180523158225,7874.3,511.45,False
2025-02-03,0.0,-7.3863305866195335,562.634521579212,573.1574491297471,584.0573982089459,0.06376693935380416,8006.5,510.55,False
2025-02-04,0.0,-7.183871502081183,561.6496954726034,571.705468089398,581.9860277213826,0.06444689191886635,7980.99,514.35,False
2025-02-05,0.0,-8.967878753456706,531.1861115293374,540.9197794354338,550.9412607747787,0.062456722887189356,7553.07,471.74,False
2025-02-06,0.0,-5.594943193738436,556.6579824111922,567.9071698452474,578.5773264891272,0.06558214576374807,7927.31,519.89,False
2025-02-07,0.0,-8.400920136363004,548.0590769529715,557.9865521512932,568.4040588260285,0.0629011816659781,7795.72,490.36,False
2025-02-08,0.0,-6.675345404061016,554.3336552639842,565.1874406649785,575.049311308281,0.06466644108817816,7891.11,510.29,False
2025-02-09,0.0,-5.722754023918049,550.4045362102314,560.7532503532555,571.813459876335,0.06562295334368838,7832.93,514.02,False
2025-02-10,0.0,-6.016850327498985,542.9122245308507,553.8317848258803,564.175712160483,0.06507498806563283,7735.23,503.37,False
2025-02-11,0.0,-6.799320797964059,552.478004876652,562.913067226239,573.0823780282211,0.06457728914534314,7858.8,507.5,False
2025-02-12,0.0,-7.317600073385194,534.2835042913833,544.8296411099836,555.6335805795974,0.06363088413474277,7615.17,484.56,False
2025-02-13,0.0,-7.728287702840794,537.786855860591,547.8973627896426,558.3713365105189,0.06355234475042311,7651.96,486.3,False
2025-02-14,0.0,-7.614429480269277,535.1283490412395,545.3526508532798,556.2620434153094,0.0632468316151181,7622.2,482.08,False
2025-02-15,0.0,-8.10585621231009,528.3914868421086,538.2842280689376,548.3057107903762,0.06303780937953697,7520.09,474.05,False
2025-02-16,0.0,-8.295500645885827,534.4287128052435,543.8134614402888,554.2217426856575,0.0631553330926322,7602.05,480.11,False
2025-02-17,0.0,-8.25934525810042,527.7814732203813,537.7033315822882,548.5108924070803,0.06264111279542836,7516.15,470.82,False
2025-02-18,0.0,-35.706744061108495,521.9592266218731,531.1869097662699,541.0439717030674,0.03485763983784114,7427.64,258.91,False
2025-02-19,0.0,-9.424513892019847,485.6954730567432,495.1411857232888,504.6853671443129,0.06137496597593534,6908.68,424.02,False
2025-02-20,0.0,-8.607624842482556,467.94777598754877,476.9921154160983,487.3332214315481,0.061804843526192615,6671.16,412.31,False
2025-02-21,0.0,-9.219365711769731,455.23433091394395,464.27840148498296,473.6497505341587,0.061409171060907417,6475.58,397.66,False
2025-02-22,0.0,-8.391847821512558,501.4879281837374,511.1246154671968,521.0678719412277,0.06258613734038873,7139.76,446.85,False
2025-02-23,0.0,-8.036242307086601,489.1535632767918,498.3578898672564,508.47071412835,0.06285341233467678,6969.55,438.06,False
2025-02-24,0.0,-7.938132235803506,497.7371438387578,507.50669918167074,516.9189771176761,0.06322656053902212,7083.89,447.89,False
2025-02-25,0.0,-6.851299041917192,482.93256455089397,492.65028726858225,502.40700907208367,0.06384394540765222,6882.72,439.42,False
2025-02-26,0.0,-12.956591480842583,490.8531155592697,500.0770894223972,509.85127891386793,0.05783719634357642,6985.47,404.02,False
2025-02-27,0.0,-10.000608446818745,473.307205371351,482.9391016225591,492.55495582334623,0.06024044557931064,6741.65,406.12,False
2025-02-28,0.0,-12.915352616570141,472.8461359949917,482.56263667553475,491.5566830141965,0.057639774032255744,6739.27,388.45,False
2025-03-01,0.0,-10.43527147000118,459.9512866842148,469.2102867944269,477.69424916899567,0.060241386292745856,6559.61,395.16,False
2025-03-02,0.0,-11.577470423250656,480.7163907433005,490.0530438792574,499.54579833344525,0.059154950142912756,6845.75,404.96,False
2025-03-03,0.0,-11.23302742987095,471.2427089967843,480.3406280013014,489.7761626602233,0.05925733899785799,6712.08,397.74,False
2025-03-04,0.0,-10.15023618096273,420.7089556608114,429.3690365059245,438.7602483636858,0.0598560306252033,5995.72,358.88,False
2025-03-05,0.0,-10.988943946817923,458.3151244648158,468.0622257128115,477.10058803084763,0.059219815293281367,6537.17,387.13,False
2025-03-06,0.0,-9.988320722126879,465.02394135267576,474.8301708531292,485.19335813348,0.05991261423623213,6632.66,397.38,False
2025-03-07,0.0,-11.107653798636942,471.17939838949,480.5405262872323,489.24318118517607,0.05991025004283299,6714.21,402.25,False
2025-03-08,0.0,-10.245411698393637,470.9214697539506,480.59590091200323,489.8903818514386,0.06023376119083534,6707.7,404.03,False
2025-03-09,0.0,-9.545240832941833,429.71191764361623,439.41101215728634,448.16294308220336,0.060520254101843515,6134.31,371.25,False
2025-03-10,0.0,-9.260234765187203,460.11882994084056,468.923621929522,478.8289480916593,0.0612424048027171,6550.2,401.15,False
2025-03-11,0.0,-9.309669935517729,454.35635165714183,463.6324063230622,473.04283563194446,0.06134033588498565,6477.63,397.34,False
2025-03-12,0.0,-9.570409491829501,457.16382914961525,466.44789081845676,474.74623905550584,0.061310204122376116,6509.52,399.1,False
2025-03-13,0.0,-9.778835335691266,437.6570662520104,446.5574379136112,456.3100824566181,0.0603568881562877,6240.05,376.63,False
2025-03-14,0.0,-10.034933205801234,404.2602019180746,412.6051032560027,421.2203160869659,0.059769585163251863,5771.33,344.95,False
2025-03-15,0.0,-8.451631048992727,316.9914262197693,324.460392676764,332.3559823262577,0.060230946665204295,4534.38,273.11,False
2025-03-16,0.0,-10.701422428118992,418.1672146900726,426.74842963821925,435.1161489562749,0.059487100325220005,5960.62,354.58,False
2025-03-17,0.0,-9.446159714563473,436.31154693676115,446.00043529345066,455.2395417483898,0.060378825473872605,6225.03,375.86,False
2025-03-18,0.0,-11.736398296717393,429.0705247303206,437.827973874497,446.9577213721508,0.058355220622604835,6110.85,356.6,False
2025-03-19,0.0,-11.729119510358137,414.15701582336425,423.0086343919177,431.75884485345057,0.05793193339631619,5907.45,342.23,False
2025-03-20,0.0,-5.827566170986414,169.64471597505403,176.18842932317932,182.53108205049662,0.05988050739207619,2458.73,147.23,False
2025-03-21,0.0,-5.720690445739981,178.40248405086038,184.95814607184798,191.64681099236714,0.06033068719328618,2584.92,155.95,False
2025-03-22,0.0,-4.3224522661178275,134.41744877580777,140.40949977480352,146.18973030717592,0.06121438052230907,1958.2,119.87,False
2025-03-23,0.6,-2.278502928149013,160.24662538238493,166.5848901882067,172.68575457923453,0.0668101411261415,2327.94,155.53,False
2025-03-24,0.0,-5.064668519948782,387.29542119287396,395.1229416109082,403.36623724663514,0.06564775092464559,5517.63,362.22,False
2025-03-25,0.0,-3.741689896909721,355.1035209050345,363.08181064519044,371.40198838130544,0.06695799404593078,5073.33,339.7,False
2025-03-26,0.0,-4.340977002356775,407.1004491502325,415.77658193482046,424.32748601565265,0.06655730585300437,5803.42,386.26,False
2025-03-27,0.0,-4.842252773312366,402.7242127850542,411.9306852135568,420.4399479373196,0.0657881465755127,5750.58,378.32,False
2025-03-28,0.0,-5.7388882557481145,393.28152223274395,401.40607708686514,409.4362510822637,0.06510710961489247,5610.14,365.26,False
2025-03-29,0.0,-4.463434588395167,311.2892666224333,318.50273615622723,325.755938467574,0.065605812441873,4451.13,292.02,False
2025-03-30,0.0,-3.5009094428944696,339.69103446814694,347.61949715227,356.0595208738214,0.06708162292933832,4855.13,325.69,False
2025-03-31,0.0,-8.877173074694701,372.0930467700382,380.04289258264635,388.4567772381376,0.060878533277610454,5303.84,322.89,False
2025-04-01,0.0,-4.3511408998049035,375.28550143803324,383.61153489369735,392.39325713148213,0.06622435049896239,5362.68,355.14,False
2025-04-02,0.0,-3.9714076972673498,379.98628603667674,388.37733983826945,397.1927458026553,0.06672343687138532,5425.38,362.0,False
2025-04-03,0.0,-5.450101316074734,369.7027260135144,377.62457726489345,386.45661096750365,0.06493452377467725,5279.78,342.84,False
2025-04-04,0.0,-5.653229156830093,359.89966275026217,367.68114662274263,375.77191175943574,0.06468681325984468,5133.04,332.04,False
2025-04-05,0.0,-3.7783766744804477,234.48020026275765,241.50143237100744,248.52457054990847,0.06554617363821981,3374.11,221.16,False
2025-04-06,0.0,-5.291145355988949,299.7547160477658,307.3087495715029,314.6857026721177,0.06443707821004664,4292.87,276.62,False
2025-04-07,0.0,-3.8895686520293618,251.87723306949357,258.84624763831914,265.62468019926087,0.06578331600809047,3611.25,237.56,False
2025-04-08,26.6,-0.6494510109827046,53.62216410605684,59.306848963896044,65.02163568320988,0.06780863076354293,831.9,56.41,False
2025-04-09,3.5000000000000004,-1.8797825296254764,268.91464174124997,276.21726567076405,282.9769050216878,0.06880773165378287,3859.45,265.56,False
2025-04-10,0.4,-2.5729540789112786,343.3989188113463,351.6257840390134,359.30242988179236,0.06836383622720142,4912.1,335.81,False
2025-04-11,3.8,-1.7778311906199464,323.75197244890165,331.62892617613795,339.3710052219353,0.06924359078049502,4631.62,320.71,False
2025-04-12,24.0,-0.703253135210833,123.24289455942686,129.46388132690302,135.55552713459062,0.06969676873663044,1809.84,126.14,False
2025-04-13,34.699999999999996,-0.3754925191875708,343.525976861546,351.63215789273295,359.8556901411107,0.07107780786014041,4913.77,349.26,True
2025-04-14,19.8,-0.8355457418336236,275.1089401214957,282.03066970628413,288.85681330347455,0.0704446987996242,3939.97,277.55,False
2025-04-15,24.9,-0.6815354739056895,330.79696207802874,338.61856388969136,346.66889438411425,0.0707394206756342,4730.46,334.63,True
2025-04-16,10.9,-1.183651859027717,335.0102044484769,342.03746516079707,350.2870444676501,0.07017654039616887,4776.81,335.22,False
2025-04-17,0.8,-2.223779727806305,321.6188645255691,328.47982735082894,336.90763250157073,0.06863759695171721,4599.52,315.7,False
2025-04-18,0.0,-10.694690132889619,323.41180105828596,331.6836771158331,339.46678966369234,0.05730569879781923,4628.51,265.24,False
2025-04-19,6.7,-1.5434807390123302,302.12950235889105,309.3243110734534,316.81494923045153,0.06951353026298725,4320.31,300.32,False
2025-04-20,28.1,-0.5772196169809125,309.9198607528189,317.4313744583876,324.8065370392666,0.07080597982720654,4434.23,313.97,True
2025-04-21,40.9,-0.25801336420716026,274.84893074424735,281.84238528124547,288.9731641227608,0.0712193981943785,3937.27,280.41,True
2025-04-22,27.6,-0.5614023544353552,225.48190410380073,231.88988803026794,238.4443799024591,0.07066362655288012,3241.13,229.03,True
2025-04-23,12.3,-1.1517889233887588,304.87011687020737,311.9883682523475,319.64498322907207,0.06998801526390719,4363.89,305.42,False
2025-04-24,1.3,-2.169117130749197,301.55024880771583,308.7124170368413,316.172365695183,0.06877365252859799,4309.79,296.4,False
2025-04-25,2.5,-1.9570405155373443,291.41548676435696,298.1880003366432,305.1828933822336,0.06898157257705728,4166.62,287.42,False
2025-04-26,1.2,-2.3489425035657168,276.7663753408645,283.94180748080515,291.06396304924357,0.06830596270161049,3967.15,270.98,False
2025-04-27,0.4,-2.4325250722906797,284.57985868899567,291.9701766546972,299.2298147345017,0.06827679794546868,4075.03,278.23,False
2025-04-28,16.900000000000002,-0.9494833717738236,233.67960682880965,241.03629706204828,247.23115251211047,0.07007685558873275,3363.45,235.7,False
2025-04-29,7.9,-1.42469397542734,218.02282997589649,224.79778404954797,231.74863038274492,0.06909896901085061,3144.62,217.29,False
2025-04-30,6.6000000000000005,-1.472462791543484,206.29496437724706,213.07487862554785,219.4593097328644,0.06903483675189519,2974.73,205.36,False
2025-05-01,21.8,-0.7848019505570758,191.231393418689,197.51659844672884,204.34092249787224,0.07005533251236654,2765.1,193.71,False
2025-05-02,5.0,-1.7375458749000694,207.09667284574016,213.7524062922105,219.92661962205597,0.06860626766875827,2985.15,204.8,False
2025-05-03,0.3,-3.331921308154657,274.30430009088474,281.36382924147665,288.55634416217123,0.06685266521355858,3931.93,262.86,False
2025-05-04,0.0,-3.1894533480118485,274.7689058556412,281.6205098295547,289.00068254555106,0.06712193435431088,3937.61,264.3,False
2025-05-05,0.8,-2.422844464770982,266.1455123741652,273.69508213260804,280.9264241092172,0.06803671970765657,3820.29,259.92,False
2025-05-06,1.7999999999999998,-2.207260649404096,264.0731317706801,271.39972250006804,278.2366532468044,0.06840118272654279,3787.8,259.09,False
2025-05-07,0.1,-2.823314644788147,240.94742605617398,247.82681668317585,254.70886488904506,0.06713034531236753,3460.73,232.32,False
2025-05-08,2.6,-1.9636972400825499,256.63723953835967,263.70694124857266,270.23229520777,0.06877490119178623,3679.54,253.06,False
2025-05-09,11.700000000000001,-1.17407542881374,224.4473597756118,231.3907926292327,237.69801828142678,0.06969451184132,3230.24,225.13,False
2025-05-10,47.099999999999994,-0.06691221428390523,131.2372635378305,137.52264505897244,143.63126254654577,0.07137576271353074,1920.68,137.09,True
2025-05-11,44.0,-0.13726897924962142,252.37876192880177,259.16865901324695,265.47256303233354,0.07132166957395274,3621.48,258.29,True
2025-05-12,36.8,-0.3511566654235262,226.5354207319897,233.02223564091545,239.58405483418667,0.0711051267407829,3252.93,231.3,True
2025-05-13,19.5,-0.9003616332335824,249.38995672997208,256.7327773739571,263.4108563399803,0.07024269919298112,3583.86,251.74,False
2025-05-14,32.0,-0.4760969446455929,235.6419867366455,242.98895512873247,249.48730309642664,0.07079974541825776,3394.08,240.3,True
2025-05-15,5.800000000000001,-1.5302209041399497,233.4976569903666,240.373754841542,246.96797166570786,0.06918737301573682,3357.26,232.28,False
2025-05-16,14.000000000000002,-1.1370661409822944,228.54897560876765,235.59608663315356,242.5951417425351,0.06975585145967755,3290.62,229.54,False
2025-05-17,16.1,-1.0235380660501772,223.36432018477387,230.82305187543813,236.96036728873474,0.06990276179132537,3218.9,225.01,False
2025-05-18,37.3,-0.3675885413009476,134.28845481558375,139.8336378057627,145.97295410912844,0.07075985971347996,1953.65,138.24,True
2025-05-19,28.599999999999998,-0.5613029164405869,138.799399561193,144.39334079304078,150.59942923092356,0.07031679448206211,2019.29,141.99,False
2025-05-20,24.6,-0.697239358314249,29.923276688339314,35.58370432305996,41.21809560307726,0.06517638546940566,498.34,32.48,False
2025-05-21,30.0,-0.5411060913463019,70.20501451946865,75.98074124261687,81.6048905015608,0.0692420647716009,1062.36,73.56,False
2025-05-22,10.8,-1.1791326172068435,216.16623794393536,222.78137102397002,229.44757929404597,0.06971467192271692,3106.95,216.6,False
2025-05-23,21.4,-0.7669241685252307,230.44179492626006,236.82282123364303,243.32404222452652,0.07030523657336145,3312.84,232.91,False
2025-05-24,10.0,-1.3151151840001492,225.15245922673438,231.98102427147091,238.8059041283646,0.06950242056837475,3238.88,225.11,False
2025-05-25,25.4,-0.6327584814556867,223.01039330711376,230.04816158137038,236.26472399185715,0.07063930296447646,3209.12,226.69,True
2025-05-26,42.3,-0.16236870135331,153.0938903630298,159.19849176575045,165.24330016537417,0.07127463812834355,2222.67,158.42,True
2025-05-27,24.7,-0.7188456999349948,217.95573215643375,224.46365572950225,231.3625545814719,0.07046237439127598,3132.31,220.71,False
2025-05-28,31.900000000000002,-0.48944796981345795,99.90066429558227,105.50899957749833,111.70579649376634,0.07003885777627718,1477.18,103.46,False
2025-05-29,37.2,-0.31069817369968505,188.79636101990843,195.71059823389248,202.32300586801358,0.071044594637858,2730.82,194.01,True
2025-05-30,39.900000000000006,-0.26931052588669496,170.4254601532908,176.54212658516968,182.86316066620012,0.07104015556909106,2467.9,175.32,True
2025-05-31,37.9,-0.3400043359041361,122.46053391545823,128.36995743718995,134.09320797138633,0.07072116051291887,1792.25,126.75,True
2025-06-01,31.5,-0.5019315460905451,87.37129895883167,93.38662694649194,99.32717326008363,0.06976940161666328,1305.3,91.07,False
2025-06-02,29.4,-0.5322459013319727,148.48839333549853,154.2780402348843,160.41935063092453,0.07053612465907255,2153.79,151.92,False
2025-06-03,23.3,-0.7467329195393272,48.55903067385788,54.180928559484215,59.97197079648561,0.06723600012263233,756.44,50.86,False
2025-06-04,49.7,-0.008194715377828987,216.56458916711506,223.16511008360217,229.82721654060842,0.07156946068039274,3117.95,223.15,True
2025-06-05,38.2,-0.33669323404287804,209.8313442473842,216.38503877230676,222.5957940912718,0.07104545211399936,3020.32,214.58,True
2025-06-06,35.3,-0.35672671732648875,94.37384169169425,100.20537992644253,106.17807015256292,0.07028738044565908,1402.67,98.59,False
2025-06-07,26.8,-0.6593109592554727,37.87592366966932,43.49930759731501,49.205012374889286,0.06685553330117845,607.13,40.59,False
2025-06-08,52.6,0.05400549571082433,119.85518345442411,125.47994123688915,131.5421408447404,0.07170506172763416,1754.13,125.78,True
2025-06-09,45.800000000000004,-0.07921738619943629,160.37490922510153,166.77152471701135,172.9035615804921,0.07134766862103463,2330.84,166.3,True
2025-06-10,42.4,-0.17769328189094552,203.5124611267206,210.2269124738328,216.77472831044696,0.07127116419061805,2935.97,209.25,True
2025-06-11,24.0,-0.6508363645793455,203.6343553451436,210.87652972302544,217.10843131849396,0.07047819873801844,2940.2,207.22,False
2025-06-12,15.5,-1.008351657787021,203.2975340166861,209.6415369972735,216.50145564846926,0.0698630417606843,2926.44,204.45,False
2025-06-13,12.1,-1.1656338198443608,196.93407601672118,203.0640766913975,209.5778907618861,0.06958888267554487,2836.66,197.4,False
2025-06-14,28.1,-0.5724758854653357,196.59070110387904,203.63467362424888,209.82799486167028,0.0705400026474336,2844.06,200.62,False
2025-06-15,28.299999999999997,-0.5743903934285911,185.2048215724734,192.08270659832644,198.65169547005527,0.07056912994584245,2678.65,189.03,True
2025-06-16,21.6,-0.7652012620526262,76.561030687625,82.44984920174554,88.19074946887648,0.06858841727785836,1150.34,78.9,False
2025-06-17,31.900000000000002,-0.4859026377820821,118.54862708570798,124.4088299001756,130.41729915958862,0.07022008762705159,1740.67,122.23,False
2025-06-18,39.900000000000006,-0.2874058813224629,151.09151942092797,157.2721706129289,163.8318193797725,0.0710694833431009,2194.05,155.93,True
2025-06-19,40.6,-0.24426937197678641,110.9758176433684,116.71029617277506,122.47136613583255,0.07078328929413724,1632.73,115.57,True
2025-06-20,26.5,-0.6252257960600279,158.80601375129663,164.97111307690616,171.21385562434187,0.07030059351472548,2303.11,161.91,False
2025-06-21,23.0,-0.6923525005662045,199.01156054939122,205.93397485734403,212.59850437336937,0.0704326822435882,2873.24,202.37,False
2025-06-22,27.200000000000003,-0.6111628640350071,86.06339985192733,92.16922805754345,98.15174237973632,0.06942716750417716,1286.24,89.3,False
2025-06-23,34.599999999999994,-0.39175723284045133,89.82671187090274,95.39365279008665,100.87984438134585,0.07025984353073551,1332.34,93.61,False
2025-06-24,37.4,-0.2997016109569484,185.19654390349072,192.18103285649204,198.16283503360353,0.07102191166311032,2682.13,190.49,True
2025-06-25,24.0,-0.7450696056471451,15.340964744562113,21.348210208647785,26.74988769492804,0.060726543444025755,294.27,17.87,False
2025-06-26,43.1,-0.1615209872455068,140.6926811483456,146.7768013076028,152.94577071228517,0.07130619831835384,2048.77,146.09,True
2025-06-27,35.4,-0.3346880015533208,76.08943324709894,82.52810104005042,88.14515596961877,0.0703594116522849,1149.1,80.85,False
2025-06-28,40.9,-0.30017460557472236,83.7386891538571,89.46685886020298,95.44408817316611,0.07058023203635035,1249.5,88.19,True
2025-06-29,18.8,-0.8886435567635631,142.95714777801356,148.95757738570597,155.17156477059257,0.06956956232213901,2081.37,144.8,False
2025-06-30,21.3,-0.7785055287827563,193.60522503762314,200.01902569163462,206.49002317986807,0.07015285136502199,2796.18,196.16,False
2025-07-01,37.7,-0.3186919743831031,89.6361586419591,95.5073707853948,101.65301690789639,0.07044592557399858,1336.77,94.17,False
2025-07-02,28.7,-0.5283974618253048,85.7026219142909,91.7248273540215,97.62940932805795,0.06962982592962184,1282.64,89.31,False
2025-07-03,31.0,-0.4657915205350545,84.03084542996076,89.550462933017,95.60039215133482,0.06978133582683607,1255.35,87.6,False
2025-07-04,26.700000000000003,-0.6172471546229884,39.09226496428386,44.77462964491744,50.27094266545211,0.0673069239404482,625.79,42.12,False
2025-07-05,41.199999999999996,-0.24797445285197464,76.47650879768062,82.2317875430611,88.47170558627828,0.07082580650240784,1145.91,81.16,True
2025-07-06,36.9,-0.3411668713183288,145.9133213932674,152.2719320832326,158.69474817033515,0.07081975841604268,2127.09,150.64,True
2025-07-07,30.9,-0.512788619174592,178.34091438756985,184.43758011207507,190.51433559484553,0.07062795929883259,2576.6,181.98,True
2025-07-08,13.3,-1.0554095151689598,206.0772904624139,212.24414145630956,219.45364191205235,0.06968292565571033,2969.02,206.89,False
2025-07-09,38.6,-0.31408489809520584,184.52521805593636,191.5498625481139,198.18291700702574,0.07086952137660742,2679.29,189.88,True
2025-07-10,30.599999999999998,-0.48573415495582684,100.38906839348603,106.31561232049712,111.96910686948475,0.07008732296717318,1485.29,104.1,False
2025-07-11,36.6,-0.3588152490931876,131.33584080031613,137.48794806259394,143.32768270206049,0.07066049025625332,1921.3,135.76,True
2025-07-12,21.4,-0.8196021438137814,219.75017364266097,226.42411488509185,233.3747917034133,0.070161076179257,3163.72,221.97,False
2025-07-13,29.7,-0.5537942253994053,170.38902810825928,176.83541115126644,183.28120311670796,0.07043860285021537,2471.94,174.12,False
2025-07-14,33.2,-0.4334597471348423,171.1502032587192,177.17555904891782,183.70624588311094,0.07085674523737302,2472.03,175.16,True
2025-07-15,32.9,-0.4715541408856783,132.22068444083854,138.61742166533145,144.67630079873848,0.07033855426763314,1937.06,136.25,False
2025-07-16,16.900000000000002,-0.9495631721691806,175.9273823631006,182.1022310454901,188.6759993860321,0.06980995586219249,2543.62,177.57,False
2025-07-17,35.4,-0.36083810140692446,139.08419107109557,144.96240159691936,151.13348278018765,0.07074568842952282,2027.12,143.41,True
2025-07-18,31.2,-0.47331168790452627,178.33526968799023,184.41308619039904,190.47826475411148,0.07072911244176609,2575.46,182.16,True
2025-07-19,9.6,-1.27529138270925,230.07613943110294,236.34071533976106,243.6632236782485,0.06951451140543846,3306.36,229.84,False
2025-07-20,16.5,-0.9379468264791418,229.6536973194519,236.11906367698623,242.76834616782102,0.07006714905213533,3300.12,231.23,False
2025-07-21,28.599999999999998,-0.5749034350203012,169.76647772700255,176.2242958698974,182.67669847837865,0.07035049400809032,2463.38,173.3,False
2025-07-22,18.8,-0.842981946099011,234.0182719446996,240.94040184294226,247.57627930996782,0.07022308321045441,3365.56,236.34,False
2025-07-23,14.2,-1.0784981878824922,224.08648446386175,231.20418337876558,238.30347676107138,0.069827631610323,3226.23,225.28,False
2025-07-24,31.7,-0.5051156330310517,131.86055311319208,137.9801176399808,144.08606818041395,0.07039390217416035,1923.32,135.39,False
2025-07-25,31.7,-0.4542799932414931,168.82265247504643,174.88515771706545,181.16228878409635,0.07072157774474865,2443.95,172.84,True
2025-07-26,30.3,-0.5391919659713424,228.18001319668704,234.46583222428103,241.6804037040275,0.07068314952523845,3280.98,231.91,True
2025-07-27,11.200000000000001,-1.2327456698671326,242.34315572738262,249.14511672226925,256.262168318633,0.06973404146363817,3481.37,242.77,False
2025-07-28,2.9000000000000004,-1.8523446007351259,242.47989846303872,249.32121793279106,256.35468567922715,0.06866074374042722,3483.65,239.19,False
2025-07-29,5.3,-1.671972984885663,200.12680625548685,206.67025231076576,213.00363940556477,0.06860209467026673,2888.25,198.14,False
2025-07-30,30.7,-0.5184010837305337,90.46555076073801,96.64196000414572,102.69413812171302,0.06976262505288036,1351.87,94.31,False
2025-07-31,40.2,-0.23783209683381107,196.94024071974414,203.25632050366258,209.88015373656995,0.0711864645402383,2838.18,202.04,True
2025-08-01,35.4,-0.36574160619598933,259.5468536414817,266.6110913313694,273.55657301247976,0.07105575451705291,3724.54,264.65,True
2025-08-02,4.1000000000000005,-1.7493925521887104,245.41940399830432,252.47613473916317,259.17603884375904,0.06888727534804204,3525.76,242.88,False
2025-08-03,36.8,-0.38739076292834007,181.28115076783232,187.15256328427117,193.56672629564048,0.07086096509474975,2616.25,185.39,True
2025-08-04,19.7,-0.8643422288464898,53.09876826922665,58.69905130528047,64.96395290295266,0.06708968875278866,819.5,54.98,False
2025-08-05,38.800000000000004,-0.27625334822928926,219.5772984829117,226.43039815433204,233.25751756835265,0.07106903729731989,3164.81,224.92,True
2025-08-06,36.6,-0.3418050885144925,218.63005827474984,225.05590859297376,231.9768520995723,0.07101278335934537,3145.49,223.37,True
2025-08-07,14.7,-1.0798459588669505,205.6965032183831,212.25459437874343,218.86508372065705,0.0697556643956921,2961.91,206.61,False
2025-08-08,15.2,-0.9953693691161217,233.5569043625002,239.79953901693887,246.929494854351,0.07006570801827008,3352.71,234.91,False
2025-08-09,32.1,-0.48053306803256707,172.04070518442202,178.19036554029964,184.33339048175003,0.07066023810607873,2486.83,175.72,True
2025-08-10,25.5,-0.6786932390635261,185.84650429623892,192.24862185124147,198.90679271455178,0.07029801740967606,2686.42,188.85,False
2025-08-11,29.2,-0.5786574099425632,219.04777340559866,225.17319331356046,232.38344695564317,0.07068511259508688,3146.49,222.41,True
2025-08-12,13.900000000000002,-1.1281074995626437,260.2659725226079,267.1087168413124,274.16749849485115,0.07000458262561282,3731.47,261.22,False
2025-08-13,7.000000000000001,-1.500478821231198,290.65261806986325,298.145872194964,305.50804819387844,0.06956040783244508,4158.4,289.26,False
2025-08-14,23.799999999999997,-0.7179334291200529,251.2034524062535,258.3917714060971,264.9814599091141,0.07045940583330765,3609.88,254.35,False
2025-08-15,30.3,-0.504892027397558,183.84614117174883,189.95578069714082,196.3089207831751,0.0706475269709449,2654.87,187.56,True
2025-08-16,27.400000000000002,-0.6117505656848559,167.70354893441834,174.40890827399807,181.02583774825604,0.07031439255742608,2435.49,171.25,False
2025-08-17,1.0999999999999999,-2.294435459678793,297.87987477950793,304.9320414545502,312.0346756272104,0.06867465346037438,4253.68,292.12,False
2025-08-18,19.8,-0.874996399304873,229.20509985311568,235.72696649919502,242.6861247635878,0.07021704275566078,3293.36,231.25,False
2025-08-19,5.8999999999999995,-1.5263961919157998,290.4022148126518,297.51057297812315,305.0677564251454,0.06952473745214903,4156.65,288.99,False
2025-08-20,18.7,-0.9177036750039719,241.57024124925377,248.1337247364414,255.19657736133135,0.07015024779785016,3468.27,243.3,False
2025-08-21,16.7,-0.9695859312287904,262.04621969416604,268.75443433650946,275.93127451836654,0.07016315773597638,3757.1,263.61,False
2025-08-22,22.2,-0.7329050407617096,265.30756172767633,272.4106285823488,278.95779718600727,0.0705209573256697,3805.11,268.34,False
2025-08-23,48.8,-0.025198067165050242,171.48575886975104,177.72897656435646,184.01850345727183,0.0714820389116789,2484.82,177.62,True
2025-08-24,12.5,-1.1988931297332082,286.3572749117822,294.3903476900323,301.2971913371691,0.06995441882317957,4106.96,287.3,False
2025-08-25,9.5,-1.2802499818688098,319.10881326247886,326.754160099842,334.46865821883557,0.06986518895012427,4565.65,318.98,False
2025-08-26,25.0,-0.6480233265497942,278.1003871339737,285.0022152074688,292.0187308889,0.07073525048614518,3978.78,281.44,True
2025-08-27,14.6,-1.0623271881096976,330.49706959918296,338.149850456138,345.800107067543,0.07021910135841176,4725.21,331.8,False
2025-08-28,0.4,-2.6866039259028374,308.3958610168513,316.2265486520055,324.177632306888,0.0679767858567004,4412.83,299.97,False
2025-08-29,2.0,-2.043389258809271,325.6869793456184,333.2671580023866,341.2142357273304,0.06904022437341296,4652.65,321.22,False
2025-08-30,0.5,-2.64407576089259,339.53720638307817,347.4157556638929,355.3962549708566,0.06826647755030077,4850.99,331.16,False
2025-08-31,0.8999999999999999,-2.3023054818553605,339.5516742792978,347.34035893731203,354.96604040208,0.06880901518656615,4845.15,333.39,False
2025-09-01,0.5,-2.652495114619502,357.267314694846,364.8140649088931,373.10277582028704,0.06842924403831276,5095.19,348.66,False
2025-09-02,3.1,-1.916546173052202,306.85609483095055,314.63121597724256,321.8232886154385,0.06912632510681295,4387.33,303.28,False
2025-09-03,1.6,-2.267402440707354,307.8534245427656,315.11146318121814,321.9945483611825,0.06875606445696272,4400.63,302.57,False
2025-09-04,27.1,-0.6110671224350394,93.52830415024366,99.2493264394659,104.8439742439578,0.06955380572412548,1386.84,96.46,False
2025-09-05,1.2,-2.2021710448410685,341.5906070642098,349.65700478510473,357.45991737821333,0.06880549737775607,4880.86,335.83,False
2025-09-06,5.5,-1.6089419288887987,366.9836502595257,375.5212963125069,383.83200794274296,0.0696850814258947,5240.72,365.2,False
2025-09-07,20.599999999999998,-0.7976192004619365,333.746743023573,342.50651983300844,350.26632157905505,0.070517470981918,4783.07,337.29,False
2025-09-08,0.0,-3.0376169858107946,354.56836060556327,363.0330032237088,371.147596437855,0.06775843330215196,5070.07,343.54,False
2025-09-09,2.1,-2.120443983579061,318.3680946827193,325.72633830682616,333.4208254808548,0.0688844772890113,4548.63,313.33,False
2025-09-10,12.5,-1.1060448307590511,105.66981731674616,111.61866742164877,117.44488817532198,0.06839412164408212,1557.59,106.53,False
2025-09-11,5.2,-1.5661004987760991,184.81954592859614,191.0373214590826,197.88001394438456,0.06861078872885457,2671.3,183.28,False
2025-09-12,2.7,-2.0262712189163463,380.58337333116066,388.6689227090267,396.92814011758946,0.06913602973745171,5431.9,375.54,False
2025-09-13,1.0,-2.35352013234681,378.1821473004745,386.7375707855777,394.8109340870516,0.06884082145817749,5395.2,371.41,False
2025-09-14,0.0,-3.323591907837747,386.14010082601357,394.49570160184066,402.92121324788116,0.06771331453195506,5510.29,373.12,False
2025-09-15,5.0,-1.6992613412096764,160.4646193412244,166.9664396098783,173.0241107650491,0.0680569623220755,2329.96,158.57,False
2025-09-16,0.3,-2.689981884283888,364.9090593051325,372.78040280869124,380.4995264995903,0.06834443289126814,5208.91,356.0,False
2025-09-17,0.0,-4.175815773480364,254.66867481307776,261.63249165359537,268.7397808361529,0.06542800372599769,3653.94,239.07,False
2025-09-18,0.4,-2.955321849128712,404.0677114766436,412.470476795326,420.8052745510813,0.06818674786465259,5762.85,392.95,False
2025-09-19,0.8,-2.594069506005741,334.154684903272,342.608759175428,349.6292716914716,0.06812805121294054,4784.96,325.99,False
2025-09-20,0.1,-3.00412577162345,395.85431684116423,404.9167127608412,413.3118314283844,0.06795052615122278,5657.94,384.46,False
2025-09-21,20.4,-0.8279179254001446,159.5396918841657,165.42462075506745,171.9396156680061,0.06985594260605346,2315.05,161.72,False
2025-09-22,1.6,-2.112871945881085,400.38864963652514,408.436167410096,417.01427625671414,0.06916035590205168,5705.87,394.62,False
2025-09-23,22.3,-0.7778607382925542,298.4981291325832,305.968480417107,313.41726988750327,0.07055742399505759,4272.69,301.47,False
2025-09-24,13.900000000000002,-1.0844602770127472,435.64286875604796,445.10185569436305,453.9698539343399,0.07031648286188448,6218.03,437.23,False
2025-09-25,1.0,-2.234578723931817,439.17621930400054,447.72689731571984,456.9887136855209,0.06908388893822212,6257.32,432.28,False
2025-09-26,1.0999999999999999,-2.3615335978150087,443.3387784504554,452.5362862851442,461.75299770244686,0.06879770810242694,6324.92,435.14,False
2025-09-27,0.0,-3.8328308482021605,439.19920315128195,448.0325411900184,457.29484649290725,0.06735812569840696,6257.3,421.48,False
2025-09-28,0.0,-3.62158124577703,400.44772656534275,408.18668127440424,416.6017274722521,0.06747349685965542,5708.76,385.19,False
2025-09-29,0.1,-3.731966811951403,446.12468662911476,454.73852275750374,463.77176457819536,0.06749779960739552,6351.17,428.69,False
2025-09-30,0.0,-5.199608116167438,417.18521115257687,426.0910482930243,434.781941179393,0.06556613840881126,5949.87,390.11,False
2025-10-01,1.5,-2.1118987187767218,219.66230129802415,226.13187541126604,232.88965270146142,0.06808431142545988,3158.29,215.03,False
2025-10-02,0.0,-3.5238789058509448,464.95151033381984,474.9007291393068,484.0160837935653,0.06775577203201599,6628.07,449.09,False
2025-10-03,0.0,-5.136677220765954,470.3760612547559,479.72156786520895,489.0675088829909,0.06594278909230665,6701.87,441.94,False
2025-10-04,0.0,-4.106019028016302,435.76191025873624,445.14143863897425,454.5316847185941,0.06683275405391577,6217.61,415.54,False
2025-10-05,0.0,-4.540262449279002,472.90253803031544,482.7579131371021,492.38120181661407,0.06658323682064367,6744.19,449.05,False
2025-10-06,7.1,-1.4993378017963483,294.33310560767495,301.88691623507714,308.7736503348335,0.06960555191420474,4214.75,293.37,False
2025-10-07,2.6,-1.866373915832512,342.03187484222565,349.3796612518797,357.76496637593465,0.06923207696861162,4882.13,338.0,False
2025-10-08,0.0,-3.65467272301986,455.5755164542302,465.1077657294011,474.1193832253277,0.06749679201105686,6499.42,438.69,False
2025-10-09,0.0,-3.6979406909639336,484.4551413780972,494.43637849609195,503.3602902276376,0.06753025627277198,6906.83,466.42,False
2025-10-10,0.3,-2.7908966385760627,496.1947838359045,505.3674838688007,514.6704602214055,0.06858165810737883,7060.78,484.24,False
2025-10-11,0.0,-3.7523192415968563,404.8395842326027,413.6289701983793,421.9090763818029,0.06721285656505857,5778.21,388.37,False
2025-10-12,0.0,-3.0096120952181273,492.67479154221303,501.6043075876271,511.78819948965725,0.0684106781593089,7006.07,479.29,False
2025-10-13,0.0,-3.3581971955667393,444.9424102794955,453.72500290135963,463.02423064046053,0.0678342712569423,6336.62,429.84,False
2025-10-14,0.0,-4.762498697620481,439.725383111284,448.76362600047025,458.05296777097374,0.06615467570901472,6268.34,414.68,False
2025-10-15,0.0,-3.199134882222914,345.26810873039403,353.46789231480386,360.8490131613387,0.06758255459185827,4932.19,333.33,False
2025-10-16,0.2,-3.1543662016002223,459.5512661504767,468.3149992700319,477.84292208936995,0.06814460950967882,6547.84,446.2,False
2025-10-17,0.0,-4.705051637229972,484.447785381681,493.7057545331979,503.11679874859374,0.06652214576311785,6896.35,458.76,False
2025-10-18,0.0,-4.847966736889601,445.3804074392705,455.1376009658587,463.60871077062865,0.0660453693833658,6352.3,419.54,False
2025-10-19,0.0,-3.2898619217880714,520.1618666053037,529.5036774055027,539.6691245713689,0.06821153104241685,7396.55,504.53,False
2025-10-20,0.0,-3.953430346872982,523.6240308055533,533.9464324107814,543.39409599084,0.06740439821579058,7456.19,502.58,False
2025-10-21,0.0,-4.860423958106156,526.1331343695962,535.6094890706223,546.381325007725,0.06643226793237986,7485.82,497.3,False
2025-10-22,0.0,-6.4097474657308275,513.0605799838555,523.7054280822686,534.3302367315376,0.06457614984828278,7320.04,472.7,False
2025-10-23,0.0,-4.435364378480754,431.72155170706424,440.4378907149978,449.35334361116065,0.06666829088940296,6156.75,410.46,False
2025-10-24,0.0,-4.21653724183763,513.7782277166602,522.776230812194,532.7697686961772,0.06714120762141135,7309.52,490.77,False
2025-10-25,0.0,-5.006947931891647,458.4166637257203,467.6861970025688,476.66570937366043,0.06621097577892035,6529.28,432.31,False
2025-10-26,0.0,-5.41375849282268,539.4119058384932,549.7046036461466,561.0047353617359,0.06574609722387849,7683.65,505.17,False
2025-10-27,0.0,-3.83150128363708,506.29071265609934,515.752550076975,525.7200592310014,0.06751547812698379,7206.94,486.58,False
2025-10-28,0.0,-3.9904736069603044,548.9454774429264,558.9937001193766,569.5172615016158,0.06754893991955242,7813.15,527.77,False
2025-10-29,0.1,-3.291297384439207,555.8290017104067,568.0038323736084,577.9877277511389,0.06807242982421786,7922.15,539.28,False
2025-10-30,0.0,-6.2974660887197285,545.4505227895503,556.0307567975672,566.3825737445594,0.06496406193231591,7766.14,504.52,False
2025-10-31,0.0,-4.775992379519437,482.0768985562716,491.57684104574855,501.3134275333069,0.0663809568077775,6869.44,456.0,False
2025-11-01,0.0,-4.792565989966118,563.9229781878707,575.4845528337098,586.1970516055029,0.06644594329792976,8037.21,534.04,False
2025-11-02,0.0,-4.342224374111675,567.3888657853355,578.1397382382268,589.1790740052865,0.06697131269635648,8068.38,540.35,False
2025-11-03,0.0,-5.318521228942781,563.3244593527248,573.8373736599726,583.9390094048555,0.06620923586416337,8007.04,530.14,False
2025-11-04,0.0,-4.245337308968214,564.4105894708603,574.6660056485164,585.1862465237887,0.06721309430960468,8021.8,539.17,False
2025-11-05,0.0,-4.449799798147863,566.2095753656358,577.3373976051187,588.7234447435463,0.0667702440428421,8071.26,538.92,False
2025-11-06,0.0,-5.878912679171638,556.887424040002,566.7004935637881,578.16444355925,0.06556095810972816,7920.11,519.25,False
2025-11-07,0.0,-6.243444158517644,556.8671295945711,567.2420619891031,578.2051457406511,0.06493634471195163,7915.29,513.99,False
2025-11-08,0.0,-5.659958245231786,398.725117799483,407.43131516445385,416.5265758394383,0.06468960117650029,5697.67,368.58,False
2025-11-09,0.0,-6.126147736977695,465.4049149348334,474.9776410499369,483.1983474258619,0.06517979226240046,6625.98,431.88,False
2025-11-10,0.0,-5.077277149396136,375.5858509932517,384.20563350368343,392.4284767373005,0.06518612898165792,5368.32,349.94,False
2025-11-11,0.0,-7.708620740198972,546.939703822474,557.2921475229703,566.495935436477,0.0640248210922794,7783.7,498.35,False
2025-11-12,0.0,-5.939816202998406,479.11597629713117,488.5403192309378,497.7140045166509,0.06513581743727286,6824.97,444.55,False
2025-11-13,0.0,-5.818716530778294,580.2085161030972,590.8827261050732,601.5543263729367,0.06563402689904488,8246.18,541.23,False
2025-11-14,0.0,-4.174083253313255,502.58985091298786,512.7285860107838,522.1761244678476,0.06724254812632455,7154.25,481.07,False
2025-11-15,0.0,-4.525286667084076,574.0047861677651,584.9991000686193,595.5701581913972,0.06692434563892098,8172.96,546.97,False
2025-11-16,0.0,-4.611654200420133,575.7533430901659,586.9404377020455,597.503221095877,0.06685196341382824,8199.46,548.15,False
2025-11-17,0.0,-5.366576918287938,573.415868969549,584.3702715535096,594.921142759214,0.06604732109765755,8159.15,538.89,False
2025-11-18,0.0,-4.7762284223947695,580.5731655727561,592.2112095117636,601.9773598314605,0.06673975041814562,8264.49,551.57,False
2025-11-19,0.0,-5.294063115222321,571.9155925396764,581.782173589334,591.8142433117924,0.06647026465459578,8126.19,540.15,False
2025-11-20,0.0,-8.266168898693579,581.2995036599444,592.0491514093816,602.6805469418717,0.06308108800444656,8266.82,521.48,False
2025-11-21,0.0,-5.33825438424974,578.5434798116331,588.3437558970629,598.7470968416238,0.06642679314177197,8218.22,545.91,False
2025-11-22,0.0,-5.778872514963036,570.5826072363291,580.6367421814264,592.4785202823507,0.06559359708042305,8111.31,532.05,False
2025-11-23,0.0,-5.273957641648672,579.07414771033,590.1223581146544,601.2889940542813,0.06612239151817544,8240.93,544.91,False
2025-11-24,0.0,-5.458249541691923,586.5100777807854,598.1295628960434,609.8263384146622,0.06577671471188773,8353.26,549.45,False
2025-11-25,0.0,-8.809032982232662,589.5817241915099,600.3001582089751,611.443729380936,0.06251534311847214,8391.38,524.59,False
2025-11-26,0.0,-5.703929823848375,578.4238844000762,588.5478030033601,599.8935586733304,0.06575167609020821,8225.95,540.87,False
2025-11-27,0.0,-6.342909747677411,506.07250440694247,516.1766845803536,526.1023384228722,0.06483522427657583,7208.89,467.39,False
2025-11-28,0.0,-6.109729179146887,554.1540249563044,565.3199480375615,575.0805929928495,0.06528238443623498,7887.12,514.89,False
2025-11-29,0.0,-8.586040318077838,560.8605824594548,571.0849997992167,582.1437005992632,0.06252342434044889,7977.81,498.8,False
2025-11-30,0.0,-7.241499022158748,589.6190380297818,600.4450358550885,611.3263005050655,0.0643548887168911,8384.6,539.59,False
2025-12-01,0.0,-6.668479515093545,577.1954619110344,588.0600511229984,598.8657196052544,0.06469246958987511,8209.92,531.12,False
2025-12-02,0.0,-7.288795259735527,588.3019750039618,599.6727127168685,611.1020351536157,0.0638772677130245,8370.74,534.7,False
2025-12-03,0.0,-7.174959588234041,552.2444724176707,562.7438927681847,572.6376284871467,0.0642960638982661,7853.98,504.98,False
2025-12-04,0.0,-9.760675491681077,584.8624826253032,595.8549357572842,605.9473422693213,0.06170019105095328,8316.83,513.15,False
2025-12-05,0.0,-7.011619787873408,583.3947266943123,593.5509487828551,604.4427470593002,0.06459589866530809,8290.0,535.5,False
2025-12-06,0.0,-6.2978140108566265,597.4206185712574,608.459407310488,618.9116660296239,0.0653682842822648,8497.24,555.45,False
2025-12-07,0.0,-6.475828891727415,514.9738024046414,524.801269457548,535.4090787223835,0.06452250779518812,7332.79,473.13,False
2025-12-08,0.0,-7.1801015402515915,594.6708916913135,605.7574638418005,617.0903646024319,0.0641895727794638,8454.8,542.71,False
2025-12-09,0.0,-7.868389675384046,504.52508607033076,514.5645164346904,524.6349145349809,0.06313654685748074,7189.18,453.9,False
2025-12-10,0.0,-7.628456191308059,596.2650819390303,607.8625172484979,619.4737996228369,0.06361016319069138,8483.55,539.64,False
2025-12-11,0.0,-8.12540749887969,517.1422691124625,527.3316468740747,537.3089196535861,0.06288542051997086,7363.71,463.07,False
2025-12-12,0.0,-8.791509261261748,378.2436780943541,386.913720273775,395.51642462115893,0.06074408449841005,5405.3,328.34,False
2025-12-13,0.0,-6.521690731059092,607.4910855293342,618.7886823017744,629.508011422821,0.06511110853027419,8635.7,562.28,False
2025-12-14,0.0,-5.937133322112161,633.3905484723632,644.9876947006403,657.1952768297932,0.06546901534353736,9009.3,589.83,False
2025-12-15,0.0,-6.124068662168688,624.2479921734218,635.6330077068395,646.7629990469441,0.06539018357861522,8875.95,580.4,False
2025-12-16,0.0,-5.750433525008756,557.2478775253719,567.8751318142436,578.4628728507352,0.0656293847706105,7932.27,520.59,False
2025-12-17,0.0,-6.851526538191064,518.1967051018958,528.3064818512873,537.545496863786,0.06435237584439502,7377.35,474.75,False
2025-12-18,0.0,-5.263312660371378,626.0109718113023,637.1093711258764,649.733948279641,0.06621060016526668,8893.44,588.84,False
2025-12-19,0.0,-5.542715622619842,633.1896693875889,644.7351574177846,656.0964251965115,0.0660565282407021,9011.07,595.24,False
2025-12-20,0.0,-5.99866178095196,630.1258152114381,641.0356443074281,652.6748734865089,0.0656278850062874,8957.93,587.89,False
2025-12-21,0.0,-7.101145489302576,614.5232900992027,626.1104220773063,636.8802299255942,0.0646613237066349,8737.99,565.01,False
2025-12-22,0.0,-6.365244356008448,614.8352037843916,626.0099079883583,637.335042659752,0.06508933908560008,8748.13,569.41,False
2025-12-23,0.0,-5.873189329472231,554.2731257424415,564.9691863877005,576.6849573166755,0.06530611726556627,7887.01,515.07,False
2025-12-24,0.0,-5.624499691358895,623.5242201916994,634.3164805697563,646.7416365481487,0.06589976572441447,8861.64,583.98,False
2025-12-25,0.0,-6.207700398248464,614.310028404035,625.2933281755429,636.8725557497069,0.06518915872461994,8731.82,569.22,False
2025-12-26,0.0,-5.440755482843085,561.4135209706641,572.0917932386031,582.8417951574423,0.06598468031064753,7996.25,527.63,False
2025-12-27,0.0,-6.012376226175237,617.4335645348164,628.9824578848204,639.0551348698875,0.06572428825461935,8780.62,577.1,False
2025-12-28,0.0,-6.334233571774615,617.9141234366646,629.7278412020314,640.31997159288,0.0652132360563487,8789.32,573.18,False
2025-12-29,0.0,-8.059723784950956,606.5059908025528,617.180773281459,628.092818457845,0.06358331215703936,8621.13,548.16,False
2025-12-30,0.0,-7.091942314815405,597.120796967701,608.1223138724165,619.6216146930317,0.064433830580341,8489.95,547.04,False
2025-12-31,0.0,-4.716548666158886,466.6762423170776,475.673760181796,484.8427021893382,0.0665680361952871,6644.33,442.3,False
