date,percentile_rank,z_score,mc_mean,mc_std,actual,actual_vs_mean_pct
2024-01-01,4.4,-1.7209483383417246,587.7118786004464,27.329046335474093,540.68,-8.002540073283237
2024-01-02,3.6,-1.788133863375494,527.1901831210585,26.16704615425039,480.4,-8.875389682723679
2024-01-03,7.800000000000001,-1.4565181955563338,589.4818143906174,27.84847663273179,548.92,-6.88092718051847
2024-01-04,4.6000000000000005,-1.6347057241793397,575.7423748447213,28.783390499006742,528.69,-8.172470344468108
2024-01-05,11.8,-1.2228055845362018,520.5362100248511,25.462926564777856,489.4,-5.981564668357009
2024-01-06,4.0,-1.7509638434632828,585.2577857182447,28.166077872706783,535.94,-8.42667742689155
2024-01-07,12.3,-1.1468004836975862,410.01346307292056,21.209846239072764,385.69,-5.9323571695972905
2024-01-08,7.7,-1.3896060441857006,598.0737351812124,29.212404451935168,557.48,-6.7874131220480365
2024-01-09,2.8000000000000003,-1.8648451057904147,548.6812861425034,26.935901604743602,498.45,-9.154911496190032
2024-01-10,8.6,-1.3257067475857494,587.6646341983611,28.727795903589104,549.58,-6.480674858086822
2024-01-11,3.0,-1.9181429381131183,580.3918450142766,29.11766479252857,524.54,-9.623127115595976
2024-01-12,2.3000000000000003,-1.9151820448544614,569.153113810836,27.027776307075563,517.39,-9.09476071636498
2024-01-13,2.9000000000000004,-1.8952573349135828,582.8267820270953,27.319129269693,531.05,-8.883734176904778
2024-01-14,1.0,-2.2985105197617757,486.9892941057653,24.09355594900406,431.61,-11.371768286499107
2024-01-15,4.2,-1.7531034800488587,576.7648832106026,29.099754827979343,525.75,-8.845005078434154
2024-01-16,6.9,-1.4634483923651251,575.7998070077462,27.947555757807294,534.9,-7.103129683264376
2024-01-17,8.4,-1.3600292920773935,575.6720274132741,29.14056798931767,536.04,-6.884480316223939
2024-01-18,3.8000000000000003,-1.7587491303524927,575.4578361694936,27.796934518424575,526.57,-8.495467972929694
2024-01-19,0.6000000000000001,-2.4630126545400985,568.142112695738,25.75387102287121,504.71,-11.164832051397033
2024-01-20,4.800000000000001,-1.6039800804136066,481.861409123007,23.772993184051394,443.73,-7.91335608145225
2024-01-21,3.8000000000000003,-1.77863086643847,561.7746257327923,26.80411368865146,514.1,-8.486432734587169
2024-01-22,9.200000000000001,-1.3147467851984824,556.2336792299221,26.867286014958914,520.91,-6.350510684435006
2024-01-23,3.8000000000000003,-1.7691459575913058,553.3124775848247,25.776548068293128,507.71,-8.241722251389804
2024-01-24,2.7,-2.0127478987749203,537.8215772750392,26.675757701682976,484.13,-9.98315789914498
2024-01-25,2.0,-1.9650041865621857,558.4873080519029,27.11816415013647,505.2,-9.541364196400082
2024-01-26,2.7,-1.9084327219731954,464.5025802462425,22.249973944015267,422.04,-9.141516549538252
2024-01-27,4.1000000000000005,-1.7779702196820701,486.97528950997577,23.501680325937873,445.19,-8.580576963570918
2024-01-28,8.5,-1.389458124661384,481.3446666392358,23.53771205429307,448.64,-6.794438352788013
2024-01-29,8.9,-1.327977228354744,477.85867882986526,23.83224412748266,446.21,-6.623020619268349
2024-01-30,1.5,-2.24813746600412,534.194317581957,26.023459961194508,475.69,-10.95187942971354
2024-01-31,0.8,-2.493704310100959,506.73439523595925,24.952594616053645,444.51,-12.279489180319935
2024-02-01,1.7000000000000002,-2.045872215870401,511.43703797034493,25.855493570974595,458.54,-10.34282502891628
2024-02-02,0.8,-2.381384442108589,525.4176169150584,25.81171416373563,463.95,-11.698811561736333
2024-02-03,11.8,-1.2125760484528691,444.55923013442975,21.556774896885717,418.42,-5.879808215100047
2024-02-04,8.6,-1.3449141280092924,468.52713291413187,22.527186634631285,438.23,-6.466462833366893
2024-02-05,11.0,-1.187533276001803,446.04966917005845,22.045418441382203,419.87,-5.869227348328632
2024-02-06,0.0,-12.457440546747476,491.563195434253,24.58395701970838,185.31,-62.301896944034866
2024-02-08,0.0,-16.03712191718437,538.8023223724853,26.090236670647187,120.39,-77.6559983130934
2024-02-09,26.700000000000003,-0.664125435784512,427.26590542913414,22.128206469985393,412.57,-3.4395221435639667
2024-02-10,32.7,-0.3988013481427119,543.3415166357362,26.633601632494674,532.72,-1.9548509198234143
2024-02-11,14.8,-1.0556284452776237,542.7148385088303,27.315328212492894,513.88,-5.313073544857783
2024-02-12,16.1,-0.9896258703815529,535.8149371562441,26.50995386418437,509.58,-4.896268345089827
2024-02-13,17.3,-0.9412057569892488,522.969900693314,25.89221280377973,498.6,-4.6599050272312486
2024-02-14,9.0,-1.3874300980719327,430.1185194286583,21.38379301592031,400.45,-6.897754476619156
2024-02-15,10.200000000000001,-1.2915122543527906,437.96158854855526,21.88255447193229,409.7,-6.4529833865606285
2024-02-16,29.400000000000002,-0.5535842132689909,367.8539422128796,18.360244775182267,357.69,-2.7630374576759764
2024-02-17,29.1,-0.5283717342448266,484.69751162090733,24.16387983127733,471.93,-2.63411948994966
2024-02-18,21.5,-0.8136843586566413,529.0621294701378,25.62680286847285,508.21,-3.941338513686765
2024-02-19,14.5,-1.0629361942397295,522.0216562543625,25.572235980606653,494.84,-5.206997818710779
2024-02-20,26.3,-0.6368581174890586,453.04170930213746,22.566578442844826,438.67,-3.1722706777430165
2024-02-21,30.400000000000002,-0.4944764649421634,513.7948620973236,25.30931700523097,501.28,-2.4357701916748797
2024-02-22,32.6,-0.41829281957841535,511.94952304704174,25.483398542418936,501.29,-2.082143369056766
2024-02-23,19.200000000000003,-0.8659114239718816,506.7708475977811,24.968889580756667,485.15,-4.266395294889058
2024-02-24,28.0,-0.5762136342156111,284.03181137594436,15.570285510414692,275.06,-3.158734696822141
2024-02-25,43.6,-0.15625222045031315,337.8360430560954,17.446426629885885,335.11,-0.8069130313732464
2024-03-04,59.1,0.24411092203647372,80.94823099405461,9.14243714790039,83.18,2.75703246203034
2024-03-05,3.3000000000000003,-1.8908636947205908,410.45855456292674,19.847307226240098,372.93,-9.143080134579895
2024-03-06,68.4,0.4289915329783302,402.99598082272826,20.522593271613456,411.8,2.1846419309934806
2024-03-07,80.7,0.8765849014736433,323.8410180866318,17.31604207563424,339.02,4.687170884976544
2024-03-08,61.6,0.295315414649072,379.2354845544017,19.68916914544533,385.05,1.5332203030606006
2024-03-09,71.3,0.5631854372566805,465.9895403926868,22.852968476636665,478.86,2.761963196956585
2024-03-10,81.5,0.8752870724400051,463.42544478674637,22.843424708911215,483.42,4.314513896071137
2024-03-11,50.300000000000004,-0.0360668198610851,461.29700805441075,22.65262148120355,460.48,-0.17711106730490256
2024-03-12,64.8,0.36927087223332195,428.2804202019386,21.392370811741685,436.18,1.8444877294032436
2024-03-13,75.8,0.7062444767833264,412.41078518046334,20.006123343640684,426.54,3.4260051694220417
2024-03-14,65.7,0.4048861209229962,438.88716899726927,21.346324685425138,447.53,1.9692603505536699
2024-03-15,59.6,0.22881953959932386,433.3961431695145,21.91183764483365,438.41,1.1568761996399335
2024-03-16,71.8,0.5185494467301808,414.09361711057426,21.341035923686064,425.16,2.6724350321175594
2024-03-17,58.6,0.19076450542176931,433.7507835220038,21.27867696486298,437.81,0.9358407251822909
2024-03-18,32.2,-0.5179516103494058,414.1819338878298,20.91302189903618,403.35,-2.6152598656713377
2024-03-19,54.300000000000004,0.12195138152509767,415.1722388964733,20.809612403226744,417.71,0.6112550083483548
2024-03-20,37.9,-0.3319787479619497,373.26024522272616,18.736876769775424,367.04,-1.6664633596365164
2024-03-21,31.3,-0.5093913308122936,406.7907854055859,20.575114381082077,396.31,-2.5764559526922803
2024-03-22,50.1,-0.0005929633838430247,331.4602606600303,17.304035488435876,331.45,-0.0030955928200571137
2024-03-23,57.800000000000004,0.201605209321893,238.2247865061598,13.467971891042462,240.94,1.1397695150290321
2024-03-24,57.0,0.13061968236447474,269.92506667475374,14.813488745344307,271.86,0.7168409177713553
2024-03-25,54.0,0.10033852519837841,382.156583426427,18.87028406577657,384.05,0.4954556994927417
2024-03-26,63.6,0.3928917527831072,375.190082058619,18.707232962832727,382.54,1.9589851365614308
2024-03-27,68.5,0.45099534867243507,386.63924086701485,20.17927392993987,395.74,2.353811556369001
2024-03-28,68.8,0.4390321647499362,381.5899822465377,19.42913982005999,390.12,2.2353882833200833
2024-03-29,66.60000000000001,0.4424430372602047,364.23160077931385,18.778459775731285,372.54,2.28107588767954
2024-03-30,33.6,-0.46248424511472813,369.0599657694368,19.373557913804945,360.1,-2.427780469430374
2024-03-31,62.1,0.290966087038709,287.19604720239886,15.444935704954487,291.69,1.5647683320773709
2024-04-01,24.200000000000003,-0.7101759669841439,341.6712250565282,17.617076510604534,329.16,-3.6617731137464804
2024-04-02,32.6,-0.4813101310379537,286.66656397277467,15.492222188185293,279.21,-2.601127899060751
2024-04-03,28.700000000000003,-0.5613047984962563,376.73987056379286,18.973416993795965,366.09,-2.8268498759781657
2024-04-04,31.5,-0.44470530800632374,356.354468818504,18.471711998728633,348.14,-2.305139836112946
2024-04-05,64.0,0.33998084265023226,363.4933335249823,18.40299614020794,369.75,1.7212603087774836
2024-04-06,53.2,0.09181347276509504,281.8830169095291,15.106530195258143,283.27,0.4920420909628742
2024-04-08,35.300000000000004,-0.41214718882054774,126.07471575611781,9.935080124381223,121.98,-3.247848493300376
2024-04-09,83.10000000000001,0.951532216564642,200.33406451444142,12.113026057739754,211.86,5.753357779414348
2024-04-10,83.60000000000001,0.9733147826515847,335.42764912938884,17.581516486041153,352.54,5.101651851010702
2024-04-11,80.9,0.8605380082624721,350.1769991518337,17.910888118409726,365.59,4.401488643028584
2024-04-12,84.10000000000001,0.9768569089370547,348.9281027985408,17.977961832416053,366.49,5.033099099959526
2024-04-13,83.2,0.9118169201711078,340.9920870866962,18.09344796803175,357.49,4.838209899313384
2024-04-14,75.10000000000001,0.6287527625408412,337.64288618759235,17.649406642462377,348.74,3.286642268021067
2024-04-15,69.8,0.4853110920954847,321.90045538410146,16.70999130799155,330.01,2.5192709361724797
2024-04-16,75.2,0.6570734430213968,320.1272178386038,16.714693952354885,331.11,3.4307555088718855
2024-04-17,76.5,0.7031703303797395,231.24585035381628,13.558804362329361,240.78,4.122949506594842
2024-04-18,68.8,0.4793384987520749,284.51972801612555,15.688853543194384,292.04,2.6431460610169877
2024-04-19,62.7,0.3147043414577262,298.5035115722511,15.94032065083025,303.52,1.68054586739248
2024-04-20,69.60000000000001,0.5201432450522678,154.39980452006975,10.84354168479152,160.04,3.6529809720044604
2024-04-21,72.5,0.550768680025467,276.93073273421163,14.905108102080328,285.14,2.964375670672603
2024-04-22,63.7,0.2660416681412695,253.08152990872395,14.127372796499643,256.84,1.4850827291235102
2024-04-23,55.5,0.07533833597156946,231.3254181468722,13.599739954119732,232.35,0.4429179730163879
2024-04-24,53.800000000000004,0.15239857829071346,251.4968714881672,14.25950546132256,253.67,0.8640777513349907
2024-04-25,67.3,0.43355629648376026,295.2320456116094,15.702583516946621,302.04,2.305967285592958
2024-04-26,58.7,0.24524910563231841,283.92059560518186,15.328920934803344,287.68,1.324104152009431
2024-04-27,63.800000000000004,0.3477563676661353,157.71824162041,10.817222577632606,161.48,2.3851130604433557
2024-04-28,64.7,0.3646730633875907,234.88683090635516,13.555069527353526,239.83,2.104489670438614
2024-04-29,66.5,0.4236199980031479,274.8463856002128,15.045592762879629,281.22,2.3189733370036825
2024-04-30,63.6,0.3523102189155592,213.44739667371996,12.751838387766409,217.94,2.1047824411499105
2024-05-01,56.2,0.13724772194698676,214.71952170403634,12.75415091692434,216.47,0.8152394724390666
2024-05-02,67.4,0.4474510320950573,257.5344874901741,14.181467037105406,263.88,2.4639467015337146
2024-05-03,60.300000000000004,0.25789830515956885,147.78787464250934,11.059107572760725,150.64,1.9298777821859847
2024-05-04,72.5,0.6127346442419647,174.72739625315424,11.37948245563486,181.7,3.990561237885948
2024-05-05,88.2,1.1516326039568705,263.6454012370128,14.209911698512036,280.01,6.207048818680394
2024-05-06,29.400000000000002,-0.5486165001894475,169.60387315642006,11.47226269284677,163.31,-3.7109253693843547
2024-05-07,62.900000000000006,0.3193871123487058,98.48191005948644,9.324388824665458,101.46,3.023996933766493
2024-05-08,71.5,0.5404623824108601,258.7228506383117,14.519324705304866,266.57,3.0330329703495806
2024-05-09,78.7,0.7717642533148119,262.5522015418429,14.379776776038215,273.65,4.22689217343637
2024-05-10,65.5,0.387720482138651,89.77167710118877,9.22912942683052,93.35,3.986026566906853
2024-05-11,75.2,0.7170526331793098,251.98996920373096,14.434128821654012,262.34,4.1073185686614
2024-05-12,82.0,0.9628001180795497,247.95508246693373,14.244822276946373,261.67,5.531210490470695
2024-05-13,75.9,0.6714112696403772,251.0949299707567,15.02070312765798,261.18,4.0164371420871925
2024-05-14,71.60000000000001,0.6052425883801554,234.15485500309387,13.655920039903332,242.42,3.5297773333791804
2024-05-15,66.9,0.4800128629443389,222.6655312105723,12.946462041237915,228.88,2.7909433290556063
2024-05-16,74.5,0.6148742520302107,221.2903989272997,12.977613603885311,229.27,3.605940931636109
2024-05-17,73.2,0.6092883219951689,211.50341282046878,12.73056825517885,219.26,3.6673579286946367
2024-05-18,74.2,0.6233391138044764,228.65662787981077,13.048068566095651,236.79,3.557024432488509
2024-05-19,75.60000000000001,0.6545266167483739,219.18920387550136,13.094647720440936,227.76,3.9102273163813317
2024-05-20,78.30000000000001,0.7918392475205227,209.9087419845317,12.453610066067709,219.77,4.697878669672084
2024-05-21,66.7,0.39367623543531294,91.02909504715403,8.892852156286656,94.53,3.8459186604375972
2024-05-22,74.4,0.6791898681689775,170.12148659897892,11.113994886556796,177.67,4.437131106674896
2024-05-23,75.9,0.67791710800114,183.51336512410168,11.972900672050242,191.63,4.422912124361855
2024-05-24,73.7,0.6506242025714989,204.7852136163767,12.779705550663653,213.1,4.060247435246644
2024-05-25,73.5,0.611254054507667,213.32983792824635,12.41735969606461,220.92,3.5579467670652676
2024-05-26,65.60000000000001,0.37039852674939383,206.39382343665255,12.624715961985304,211.07,2.2656572204946324
2024-05-27,71.7,0.5638580774614789,212.45130193753317,12.891005359598354,219.72,3.42134785533299
2024-05-28,62.900000000000006,0.2824688040427892,205.7442779819104,12.623417823798576,209.31,1.7330844157926517
2024-05-29,59.2,0.23543809707353489,187.65206524277164,11.92642378906614,190.46,1.4963516407856536
2024-05-30,78.5,0.7302447350914639,186.2007029618335,11.597887531309556,194.67,4.548477478037483
2024-05-31,81.60000000000001,0.8399029314446702,170.92647776125014,11.493615556553014,180.58,5.647762924263788
2024-06-01,75.7,0.7003620532725295,208.65453340402118,12.529899149464637,217.43,4.20573972336693
2024-06-02,80.60000000000001,0.828816664278379,188.74170456614252,11.93061750713012,198.63,5.2390622711538715
2024-06-03,56.2,0.16921017295087293,55.431760481954306,8.677015827303691,56.9,2.648733334969
2024-06-04,66.2,0.4007344556487976,97.60051002818899,9.281681469227827,101.32,3.810932925183219
2024-06-05,64.0,0.3209374276868795,89.82411834812959,9.428259435933288,92.85,3.3686739235703422
2024-06-06,64.60000000000001,0.36222219374311226,78.5946731619943,9.097527795661678,81.89,4.192811936775387
2024-06-07,80.4,0.8979115235442231,196.44570767773885,12.188607827584688,207.39,5.57115370533563
2024-06-08,76.80000000000001,0.7066598723511646,206.32283561392518,12.632900251874954,215.25,4.326794152237934
2024-06-09,76.5,0.7172424112948029,207.58657624183752,12.706196534680705,216.7,4.390179713521247
2024-06-10,69.5,0.5015362982808135,201.1117929358737,12.258746941477757,207.26,3.0571091701652175
2024-06-11,77.4,0.7365404135011062,155.56597756101718,11.016397136815398,163.68,5.21580783034663
2024-06-12,76.10000000000001,0.7268413368890452,193.3038785056005,12.060569924487304,202.07,4.534891675308783
2024-06-13,74.0,0.6390742018467772,200.52054957585855,12.360770881127173,208.42,3.93947176030105
2024-06-14,77.0,0.717699080227799,192.63637624319225,12.113186819675615,201.33,4.512970980014996
2024-06-15,81.9,0.9188513950311961,200.753555479012,11.97848059180769,211.76,5.482565175359344
2024-06-16,73.9,0.6453041947739342,175.09943047304105,11.096423887595005,182.26,4.089430506777925
2024-06-17,70.9,0.6097338351629441,109.98917610126216,9.612101134977632,115.85,5.3285460501513615
2024-06-18,63.5,0.2954629788086354,76.97649734995305,8.913138171160286,79.61,3.421177555110666
2024-06-19,68.4,0.48005457504964316,177.0197275154824,11.790892741471517,182.68,3.19753767784019
2024-06-20,77.30000000000001,0.7536738820227235,169.1814426041302,10.931195625467488,177.42,4.869657847254127
2024-06-21,61.5,0.3144377090710458,67.6953502109985,8.47433179193443,70.36,3.936237541716081
2024-06-22,77.9,0.7637417265366098,160.1160546407073,11.069114468693023,168.57,5.279886129009959
2024-06-23,74.8,0.6762413491865295,198.89762270098865,12.439902754969804,207.31,4.229501179940209
2024-06-24,76.9,0.7604122348727346,188.8210893459081,11.544935090568261,197.6,4.649327405377646
2024-06-25,78.5,0.8190133751091533,199.2805169440754,12.294649321898092,209.35,5.052918975892862
2024-06-26,77.10000000000001,0.7106389992422916,198.24785958983173,12.287729365880248,206.98,4.404658102354686
2024-06-27,62.300000000000004,0.3135700399603106,189.0558459432753,11.940406499385523,192.8,1.98044870712335
2024-06-28,65.7,0.4102162106388335,179.87493028625775,11.981655468641154,184.79,2.73249290822255
2024-06-29,79.0,0.7882705347142195,150.85945597112632,10.301721151542425,158.98,5.382853846714064
2024-06-30,74.7,0.6434403760525659,172.9745432873391,11.16724460672253,180.16,4.15405444992254
2024-07-01,72.0,0.5444660184858825,109.87732705903282,9.775949675065304,115.2,4.844195871371637
2024-07-02,69.9,0.49564640644236424,92.30711340004623,9.185754290012769,96.86,4.932324749688788
2024-07-03,69.4,0.46367985499844055,85.16355526417796,9.028738745090104,89.35,4.915770276188747
2024-07-04,78.80000000000001,0.7956859263958725,152.08807835392898,11.024350889449906,160.86,5.767658938827291
2024-07-05,79.80000000000001,0.861486579452422,203.7043499306749,12.868046319287718,214.79,5.442029133446469
2024-07-06,39.300000000000004,-0.2898454044747003,188.8659676458795,11.578473573235591,185.51,-1.776904377061661
2024-07-07,67.0,0.39812134759455514,63.70821331060471,8.544596545318395,67.11,5.3396359945147465
2024-07-08,78.9,0.809799339243655,96.7560021032298,9.414674373643717,104.38,7.879612355868204
2024-07-09,53.5,0.04648990571530766,41.89524241730115,8.276152216033834,42.28,0.9183801322031782
2024-07-10,68.2,0.4442056437899042,74.14718004566787,8.988673525307512,78.14,5.384992324553584
2024-07-11,78.60000000000001,0.7883924666850811,105.9586038808061,9.235749501028586,113.24,6.871925310930682
2024-07-12,84.30000000000001,1.0266949014549636,132.32135910785428,9.904246968637432,142.49,7.684806867693483
2024-07-13,69.9,0.5175416436820421,81.65233734472876,9.076877571258114,86.35,5.753249457438225
2024-07-14,86.5,1.0979765355619853,152.07974334765655,10.574229210120922,163.69,7.634321571546998
2024-07-15,87.10000000000001,1.1446407992892027,199.62198402604443,12.133076890094186,213.51,6.957157570452566
2024-07-16,83.5,0.9595555531096225,133.26585898906953,9.977681876102013,142.84,7.184241398028091
2024-07-17,83.30000000000001,0.9785247775205204,143.93657872426573,10.601080867358986,154.31,7.206938894668524
2024-07-18,81.80000000000001,0.9002391233138032,136.02818786817295,10.188194440857275,145.2,6.742582015953635
2024-07-19,83.7,0.9979440988349173,139.01249178894682,10.709524937906396,149.7,7.688163900607781
2024-07-20,88.80000000000001,1.201319098994914,212.7891842096334,12.461980003125618,227.76,7.035515383910584
2024-07-21,89.9,1.2247578901734826,207.85347286918451,12.636396164686406,223.33,7.445883350987281
2024-07-22,87.2,1.1318777673853326,234.82858804623532,13.739479005591805,250.38,6.622452608156371
2024-07-23,88.0,1.1805555184772798,206.5444698517582,12.422566103966355,221.21,7.100422566998565
2024-07-24,58.7,0.1968861043110333,60.319902888830605,8.838089007715617,62.06,2.8847810222380366
2024-07-25,90.10000000000001,1.2119293204736519,233.3699924769124,13.507393570410938,249.74,7.01461543934665
2024-07-26,87.10000000000001,1.1578490508079589,231.49902035512838,13.551834305234557,247.19,6.777989652310867
2024-07-27,64.8,0.3639869037809106,68.51554250151106,8.968611509349692,71.78,4.764550318516325
2024-07-28,89.5,1.2539510792489723,159.12569950728158,10.721550035922863,172.57,8.448855549007783
2024-07-29,88.2,1.192952825578484,157.84360699733864,10.751801357684682,170.67,8.126013619846905
2024-07-30,92.4,1.4037773478915505,212.37975811703365,12.737233939587936,230.26,8.418995313627441
2024-07-31,90.5,1.3152988849975495,251.86161889493513,14.208466229940438,270.55,7.420098857087387
2024-08-01,83.5,1.0137046455769552,238.3538982692586,13.994313608933558,252.54,5.95169696562543
2024-08-02,89.2,1.2399347600948645,203.06445675333438,12.497062349913744,218.56,7.6308495806768795
2024-08-03,88.10000000000001,1.171523348851449,262.5141377582445,14.473344544823256,279.47,6.459028220937424
2024-08-04,89.5,1.266778589065747,190.41919886120724,12.02325331630916,205.65,7.998563815980653
2024-08-05,86.30000000000001,1.0476458162368327,142.75943476300773,10.490725032267877,153.75,7.698661216498581
2024-08-06,86.10000000000001,1.0778327973513795,257.70599557454375,14.514313709943126,273.35,6.070485240585377
2024-08-07,83.0,0.9331921588259742,222.180213269974,12.848142457516886,234.17,5.39642417007542
2024-08-08,65.5,0.35669500548332483,75.4271285714218,8.951263748582146,78.62,4.23305445805866
2024-08-09,88.10000000000001,1.199315668346406,214.88353992924127,13.146212700765906,230.65,7.337211624468987
2024-08-10,45.300000000000004,-0.10891173434973747,32.222581695733524,8.56272827156607,31.29,-2.8941867679615596
2024-08-11,87.4,1.1200908752880911,203.1725254887318,12.523513672557513,217.2,6.904218214310753
2024-08-12,0.0,-15.073325996553796,233.72318300985043,13.340331654904693,32.64,-86.03476147309513
2024-08-13,0.30000000000000004,-2.7070672245550846,97.13727332245232,9.023518290869116,72.71,-25.14716800971415
2024-08-14,85.9,1.0444375852968315,171.2507300273128,11.153628605714013,182.9,6.80246441625636
2024-08-15,86.5,1.0943570196639116,297.17680327784575,15.994045191186924,314.68,5.889826032548595
2024-08-16,83.60000000000001,0.9556054976505453,293.87844722614096,15.625225948327321,308.81,5.0808601021255395
2024-08-17,84.30000000000001,1.0036221030873893,149.1771400321119,10.833618481317224,160.05,7.288556387089606
2024-08-18,90.30000000000001,1.323293176793542,270.72507881878704,14.271153353695702,289.61,6.975682217403212
2024-08-19,82.5,0.9651300427273963,303.0660172423632,15.69113085497866,318.21,4.996925387885387
2024-08-20,82.4,0.9101335024117911,267.6163963163119,14.847934657656769,281.13,5.0496172393396765
2024-08-21,87.9,1.2574508221869423,254.2883016129419,14.236498806746877,272.19,7.039922117340147
2024-08-22,81.80000000000001,0.9336037544978079,303.441296299457,16.01182803188301,318.39,4.9263906669415825
2024-08-23,85.7,1.0713156918371818,305.99492335475645,15.88241048233782,323.01,5.560574815653729
2024-08-24,87.60000000000001,1.1747036833787778,234.9223728759503,13.592896809022202,250.89,6.796980180547263
2024-08-25,87.2,1.2068104957398627,186.84262183987883,12.170408697271268,201.53,7.860828549445231
2024-08-26,81.4,0.9093992128858307,135.41451825771645,9.84768922821648,144.37,6.613383747553403
2024-08-27,84.4,1.029196622192981,132.72372171073982,10.26652928334456,143.29,7.961107594834083
2024-08-28,91.30000000000001,1.361559138656141,264.55946082101286,14.630681291662139,284.48,7.529702062881194
2024-08-29,82.60000000000001,0.9411906401113719,339.2698552495774,17.488639503771765,355.73,4.851637861640845
2024-08-30,81.60000000000001,0.8988919448063517,345.4491170553985,17.48917891248464,361.17,4.550853416157485
2024-08-31,80.60000000000001,0.8979588093489125,339.85349498387285,18.05929620527529,356.07,4.7716163745488815
2024-09-01,88.10000000000001,1.2436562204362391,342.65465165604985,18.112197510975086,365.18,6.57377573457274
2024-09-02,59.5,0.2466043620959506,323.1058995219652,17.0479556634714,327.31,1.301152496520408
2024-09-03,88.10000000000001,1.1940990175174546,233.5997995328773,13.650626149003937,249.9,6.977831530556844
2024-09-04,83.2,0.9632100495581509,167.21865177715966,11.47345510431482,178.27,6.608920778507232
2024-09-05,79.0,0.8224450044799186,345.0324199996749,17.761162264116756,359.64,4.233683316002268
2024-09-06,80.5,0.915410594914572,362.79210100252925,18.80893467664852,380.01,4.745940981044328
2024-09-07,84.30000000000001,1.0224826850450912,358.95569156789713,17.92138652089943,377.28,5.10489424253544
2024-09-08,90.9,1.3219287665573476,303.069846453366,16.21884080829943,324.51,7.074327518073642
2024-09-09,83.7,0.9998188221576312,363.1275169034594,19.23596722775997,382.36,5.2963441769833475
2024-09-10,79.60000000000001,0.83546271956473,373.8904558847749,18.87522077343945,389.66,4.2176910020096825
2024-09-11,24.1,-0.7335895756811713,372.94026397475676,19.670758308919584,358.51,-3.8693231513702964
2024-09-12,77.80000000000001,0.7403967752193917,310.3303277876044,16.679801810778304,322.68,3.979524753651509
2024-09-13,73.8,0.6118302990404484,323.4301250876319,16.68742838749608,333.64,3.156748280513999
2024-09-14,72.60000000000001,0.6139653110702069,378.7784438220405,19.156710243926568,390.54,3.1051281744758796
2024-09-15,86.80000000000001,1.1128951715352169,226.41685219825635,13.067849570042165,240.96,6.423173743714661
2024-09-16,78.4,0.7692033276834196,397.6184367417068,19.762736251898257,412.82,3.823153519455169
2024-09-17,62.6,0.32155780123212757,397.2875328914279,20.68824566383949,403.94,1.674471650332432
2024-09-18,75.7,0.7016581686354877,155.2966795407067,11.00723985392298,163.02,4.9732682515396975
2024-09-19,89.2,1.2594262773314633,393.0121104377319,20.364739694955308,418.66,6.52597944976856
2024-09-20,88.30000000000001,1.1824371986596929,409.57359334405237,20.598477027886744,433.93,5.946771728393063
2024-09-21,76.10000000000001,0.7400315143263094,414.16412395140213,21.317842555567353,429.94,3.8090880248355274
2024-09-22,72.0,0.5843535479988694,396.35584736069967,20.919102993057237,408.58,3.084135813991362
2024-09-23,62.300000000000004,0.2876860128767473,392.7973047013162,20.23975706282392,398.62,1.4823664085758859
2024-09-24,82.5,0.9445695814000105,219.63982973809755,13.021983302809685,231.94,5.60015470626134
2024-09-25,88.5,1.2135675989085606,190.2122272285529,11.42727572024145,204.08,7.290684186555496
2024-09-26,79.80000000000001,0.8118240651866994,388.05796269650887,19.526443193109234,403.91,4.084966378048183
2024-09-27,83.4,0.9482229150068296,291.35086623089575,15.122111682755587,305.69,4.9216032732644965
2024-09-28,68.8,0.4880607990820724,91.5665481165367,9.06332039721685,95.99,4.830860149749849
2024-09-29,82.2,0.9101221922746556,328.4426458875524,16.939871737214837,343.86,4.694078039343896
2024-09-30,0.0,-12.963650512318655,319.9314021125734,17.239078524722693,96.45,-69.85291241712422
2024-10-01,0.0,-12.751957335728276,357.9931286241013,17.346601000019017,136.79,-61.789769394252325
2024-10-02,85.60000000000001,1.0516218427204873,375.8257504678282,19.041301413774722,395.85,5.328067464043018
2024-10-03,71.8,0.5705423064363423,451.8022083532734,22.273179276675002,464.51,2.812689139578106
2024-10-04,46.5,-0.1064492912128501,428.8186329820954,22.90886907616828,426.38,-0.5686863383562946
2024-10-05,57.7,0.21698784358420234,423.343612127406,21.36703871987656,427.98,1.095183141962397
2024-10-06,61.7,0.3384093807109491,404.79369131327206,20.171746817353213,411.62,1.686367360267238
2024-10-07,58.900000000000006,0.196142486160915,426.2136508933297,21.394390336651217,430.41,0.9845646890649595
2024-10-08,56.1,0.16701884513042117,369.5407187514183,19.035463208240113,372.72,0.8603331344171572
2024-10-09,66.3,0.3926447809758981,123.99432975903905,9.947082038398268,127.9,3.1498781021284783
2024-10-10,81.10000000000001,0.8603633191676722,276.8768442766576,15.229792543521349,289.98,4.732485216513682
2024-10-11,57.7,0.19548060460868028,462.5975124389864,23.288690837877592,467.15,0.9841141464447478
2024-10-12,64.8,0.3868208222361289,351.46641041705595,17.898698307137174,358.39,1.9699150125693121
2024-10-13,56.7,0.1676232033056285,387.54272383633514,19.312815482586146,390.78,0.835334006949906
2024-10-14,74.10000000000001,0.6319419331347618,474.4874570354115,23.23400547232795,489.17,3.0944006520898792
2024-10-15,56.900000000000006,0.1645113303109658,494.7052413371132,24.768862367553528,498.78,0.8236740431278422
2024-10-16,42.300000000000004,-0.20219084663591544,475.11899059961706,21.855541291557543,470.7,-0.9300808191312515
2024-10-17,37.5,-0.3231127184264819,340.5666423470384,18.001897456256096,334.75,-1.7079307318393244
2024-10-18,58.6,0.2312223667148948,473.10498512828315,23.375829584683075,478.51,1.1424557004511948
2024-10-19,63.400000000000006,0.32954992614590883,494.8419294255066,24.542776687992625,502.93,1.63447559585006
2024-10-20,65.4,0.35697627610066934,498.7142711249106,24.35940173139371,507.41,1.743629444466288
2024-10-21,31.700000000000003,-0.4469743382637028,493.32151065379577,24.277702941459037,482.47,-2.199683253100859
2024-10-22,42.5,-0.19245209572414443,496.193740175952,24.285212202620574,491.52,-0.9419184075749709
2024-10-23,17.7,-0.9379211278474865,497.4677650464689,24.242725143350334,474.73,-4.570701187914139
2024-10-24,33.800000000000004,-0.4275022975839427,460.4578068866746,22.49767197399398,450.84,-2.088748793663453
2024-10-25,59.300000000000004,0.2151916515290233,493.7323144853803,23.967868933486056,498.89,1.0446319520316605
2024-10-26,44.7,-0.13626953138582773,444.7380373215899,22.220940767360048,441.71,-0.6808586330564581
2024-10-27,41.400000000000006,-0.19282117725381448,279.2674820751506,15.64912073095301,276.25,-1.0804989011712451
2024-10-28,28.5,-0.5889505055370002,420.08526850894907,20.655840865449903,407.92,-2.8959045748327417
2024-10-29,56.5,0.12791800573021667,521.2623394343383,24.997735224919904,524.46,0.613445538599966
2024-10-30,71.10000000000001,0.5773434180290147,537.0515497002369,25.943743800794262,552.03,2.7890153762936576
2024-10-31,42.5,-0.16426941000077988,512.790209808031,24.53414572891257,508.76,-0.7859373542914883
2024-11-01,53.400000000000006,0.058556045774092236,532.253260926731,26.07312352687035,533.78,0.2868444752430088
2024-11-02,52.0,0.054472201259072726,467.6276117864379,22.257006896484317,468.84,0.259263606982163
2024-11-03,49.800000000000004,-0.019150288431665125,486.34369877721554,23.691484318067378,485.89,-0.09328768489368366
2024-11-04,76.80000000000001,0.7452969601730794,306.1904846858952,16.167400664038098,318.24,3.935300382200224
2024-11-05,61.1,0.29528464257185066,538.6014648138402,25.529722186757017,546.14,1.399649959876248
2024-11-06,57.6,0.18617658116405852,545.8491398186432,26.592281178573852,550.8,0.9070015541293497
2024-11-07,51.1,0.03140644482423492,520.1478096149474,25.22381498700933,520.94,0.15230101336753954
2024-11-08,77.5,0.7470897684508467,355.8614547930057,18.80435933292916,369.91,3.9477569199412033
2024-11-09,60.800000000000004,0.25590157898291227,555.1158529305735,26.54984326602594,561.91,1.2239151581708185
2024-11-10,70.9,0.5810901140773592,382.9773086553382,19.485257947555294,394.3,2.9564914392491204
2024-11-11,45.0,-0.13331177812286887,558.4967364618649,26.604823508423657,554.95,-0.6350505258694628
2024-11-12,34.300000000000004,-0.43083227137508273,552.4145872496781,26.703168688192275,540.91,-2.0826001910913217
2024-11-13,56.5,0.128789681059748,564.1664827793327,28.290442696160454,567.81,0.645823056115935
2024-11-14,45.0,-0.10220055573810254,565.1228726550353,26.446750052525175,562.42,-0.47828052726600623
2024-11-15,47.0,-0.009173465560182639,571.5031130843961,26.501770091977562,571.26,-0.042539240614813956
2024-11-16,47.400000000000006,-0.08605056015743874,572.9742540162308,27.12653962867297,570.64,-0.40739247878399665
2024-11-17,28.700000000000003,-0.5749504895692608,574.1297833157005,28.141175691269435,557.95,-2.818140390184831
2024-11-18,42.2,-0.22454812564744311,552.0814087609335,26.771136561717288,546.07,-1.08886274117167
2024-11-19,42.300000000000004,-0.2024797389013336,489.43574526415836,23.93199975450347,484.59,-0.990067707772968
2024-11-20,19.8,-0.8479434788751622,446.68257921635916,23.35365370659464,426.88,-4.433255322179786
2024-11-21,37.300000000000004,-0.3587189730738674,572.3792149440716,27.40087735289267,562.55,-1.7172557436475167
2024-11-22,30.5,-0.5144557440371109,483.10510398633204,24.579574858365554,470.46,-2.6174643741064263
2024-11-23,32.4,-0.4531933008838119,577.5857827316435,28.43330264000025,564.7,-2.230972976983814
2024-11-24,25.200000000000003,-0.6556509134849371,583.0341884516389,29.152994989958408,563.92,-3.2783992483185975
2024-11-25,42.2,-0.1775288503561724,417.96079510743175,20.789831751279596,414.27,-0.8830481592138506
2024-11-26,48.900000000000006,-0.027899710994355547,365.560295560769,17.93192527945982,365.06,-0.13685719342183544
2024-11-27,0.7000000000000001,-2.508549837120945,519.821802283974,25.692852030157496,455.37,-12.398826290237919
2024-11-28,44.7,-0.17549398338261815,590.5765192462306,29.154954330151657,585.46,-0.8663600870486676
2024-11-29,35.5,-0.38656039449657154,598.0924725467793,28.100323558406355,587.23,-1.8161861326435047
2024-11-30,39.400000000000006,-0.23592142045938294,600.2059032408076,29.738304352461444,593.19,-1.1689160674570598
2024-12-01,38.300000000000004,-0.30194162641744393,572.168945141088,26.85600172245062,564.06,-1.4172291610633492
2024-12-02,40.2,-0.2404995359634185,582.9230709003382,28.245670548287155,576.13,-1.1653460361152224
2024-12-03,40.2,-0.2690191809062828,456.0511399320646,23.7200174409436,449.67,-1.399215871495274
2024-12-04,38.1,-0.27960669024966683,564.4945360876198,27.054201747671602,556.93,-1.3400547930982554
2024-12-05,32.1,-0.49163542886045436,535.5434149080811,26.673046014687912,522.43,-2.448618458007157
2024-12-06,59.800000000000004,0.2511589340874465,153.88434372273838,11.011577335090015,156.65,1.7972304461620014
2024-12-07,34.1,-0.43757945853789587,573.8122586220429,27.63442832729819,561.72,-2.107354529351002
2024-12-08,26.0,-0.6720312476324379,609.2727443662044,29.154512923615254,589.68,-3.2157592059342432
2024-12-09,27.6,-0.584384523434987,602.8507166199222,28.25317128264856,586.34,-2.738773657348348
2024-12-10,26.8,-0.6026344385846536,580.8318387647455,27.034362988570788,564.54,-2.804914895745625
2024-12-11,7.4,-1.4565018429562575,511.92732590418285,23.93222131249158,477.07,-6.809037951357
2024-12-12,15.0,-1.0804344735984064,491.1893289541423,23.045662168460936,466.29,-5.069191752833635
2024-12-13,14.0,-1.0590155930532863,520.5297638484258,25.372395803862496,493.66,-5.162003350158095
2024-12-14,26.400000000000002,-0.6190061440454822,613.4568832081419,30.333919573754923,594.68,-3.0608317751601555
2024-12-15,80.9,0.9161040719812692,253.3525693692911,14.646184996849508,266.77,5.29595206557838
2024-12-16,21.8,-0.7645208533683769,452.13114472128615,22.30304625654126,435.08,-3.771282938669762
2024-12-17,12.3,-1.1486391442845885,564.52095729035,26.84128979507604,533.69,-5.461437151657888
2024-12-18,40.0,-0.25816017487984944,613.5167260024315,30.278588662675226,605.7,-1.274085232095279
2024-12-19,39.6,-0.2517961531224869,611.4376144580848,30.37224402141075,603.79,-1.2507595668386995
2024-12-20,3.9000000000000004,-1.8026291763729323,596.0468194678666,27.81316219796114,545.91,-8.411557251933221
2024-12-21,46.0,-0.09024741693478874,607.8754605649789,30.089065891976063,605.16,-0.4467133057904804
2024-12-22,42.300000000000004,-0.1747398612975557,607.58285708187,29.660415595183,602.4,-0.8530288538360797
2024-12-23,44.400000000000006,-0.13023850888720792,600.5406049176331,28.49084206429382,596.83,-0.6178774403009735
2024-12-24,38.1,-0.3213424811490733,612.0361635997069,28.026681209903398,603.03,-1.47150840674789
2024-12-25,26.900000000000002,-0.601313318884169,609.0415515338676,28.639896027102036,591.82,-2.8276480464256015
2024-12-26,33.4,-0.43140038209203024,571.652663268707,27.38213346038852,559.84,-2.0664057088726207
2024-12-27,14.0,-1.0983120215442723,465.6655917839678,23.058648352083914,440.34,-5.438579150103251
2024-12-28,35.0,-0.35280533733719716,591.5739419247778,29.177397512368117,581.28,-1.7400938741968464
2024-12-29,34.800000000000004,-0.38813393555975473,398.72902771556795,20.325528392812988,390.84,-1.9785436141347534
2024-12-30,74.7,0.694458391293954,365.3305243671841,19.179658717262907,378.65,3.6458699025731622
2024-12-31,31.1,-0.5284699857380105,604.5116258429398,29.42764155801935,588.96,-2.572593342808638
2025-01-01,33.0,-0.44631303401075834,610.2003472881341,29.128315444867084,597.2,-2.1305047343729844
2025-01-02,36.1,-0.3629870993255353,603.4179520856159,28.066980180725253,593.23,-1.688374044955554
2025-01-03,28.1,-0.5513921242999453,600.9030122782158,28.13426424347137,585.39,-2.5816166604658908
2025-01-04,32.2,-0.4587381046263197,604.5532882709624,28.89074981687047,591.3,-2.1922448406272332
2025-01-05,24.8,-0.6809800998739176,469.008224088965,22.43563859034003,453.73,-3.2575599540162647
2025-01-06,33.5,-0.44208109638060195,607.4346332888578,28.98706357655275,594.62,-2.1096316519647496
2025-01-07,28.200000000000003,-0.555843225785486,586.7879914069584,27.935918134419918,571.26,-2.646269459217554
2025-01-08,33.300000000000004,-0.46294034481483676,583.5100156903919,27.45497420955021,570.8,-2.178200090593796
2025-01-09,29.0,-0.5665694978540793,513.5575060624462,24.81161719633779,499.5,-2.737279836532447
2025-01-10,23.5,-0.714994868340865,574.5411675111739,27.82001336923741,554.65,-3.4620961274784534
2025-01-11,36.9,-0.3347417887476513,589.766169851401,28.63750460473832,580.18,-1.6254187407555687
2025-01-12,33.300000000000004,-0.45982540861781485,573.1534150806114,28.431257550736845,560.08,-2.280962607327852
2025-01-13,23.6,-0.7449344131901585,587.888469446063,27.97356160777774,567.05,-3.544629726399995
2025-01-14,34.800000000000004,-0.39300855926635414,406.0702277874644,21.704940498953853,397.54,-2.100677962514663
2025-01-15,23.6,-0.7399724904145594,575.1493937361628,27.567772127260852,554.75,-3.546799137463852
2025-01-16,41.1,-0.247725989686333,574.8819871388383,27.901742969577658,567.97,-1.202331486021846
2025-01-17,21.900000000000002,-0.7932216541040081,590.683645371144,27.966514105039362,568.5,-3.7555882146026565
2025-01-18,23.700000000000003,-0.7121680018443074,588.9309211391704,28.842801661697035,568.39,-3.487832002340463
2025-01-19,28.1,-0.57869471753094,577.0284287042974,27.386509061671912,561.18,-2.7465594268699545
2025-01-20,31.3,-0.47416866707917604,581.0566269296887,27.70454348331404,567.92,-2.260816987683778
2025-01-21,23.5,-0.7124305784872509,574.110372544598,27.75059413388333,554.34,-3.4436536056596356
2025-01-22,9.0,-1.337022152415717,569.8423886706895,28.056668519583113,532.33,-6.582941075723969
2025-01-23,30.5,-0.509978019609061,391.1716314226779,20.08249477212936,380.93,-2.6181938054734233
2025-01-24,15.4,-0.9996397581879827,551.0425216595772,26.00188762705216,525.05,-4.716972037166112
2025-01-25,14.5,-1.1113237919850454,556.0273456331226,26.75848815283805,526.29,-5.348180420742099
2025-01-26,30.400000000000002,-0.5145069529243206,555.8362508881002,27.88349174302295,541.49,-2.5810210948238987
2025-01-27,35.800000000000004,-0.3628317298651304,554.0587347512785,26.868472589402728,544.31,-1.7595128710776176
2025-01-28,19.200000000000003,-0.8559902894629491,543.7702007780977,26.36735509729665,521.2,-4.150687320820667
2025-01-29,32.6,-0.44139333423834193,542.4228418143496,27.623528556442515,530.23,-2.2478481498982794
2025-01-30,17.1,-1.0200749336161434,360.399828435548,17.753428516544457,342.29,-5.024927041214344
2025-01-31,12.600000000000001,-1.1445345009020178,513.1490489967712,24.59432007515034,485.0,-5.485550261040883
2025-02-01,9.5,-1.2687083822223448,521.4914210332454,24.608822801223816,490.27,-5.9869481594511225
2025-02-02,16.7,-0.9903156021836008,536.673506682115,25.470168940267833,511.45,-4.699972398126128
2025-02-03,9.200000000000001,-1.2921811180950342,545.3642874962163,26.942265071447014,510.55,-6.383675699787705
2025-02-04,11.5,-1.18542615049466,543.9913747105819,25.004825068847055,514.35,-5.448868509422944
2025-02-05,3.1,-1.7376216090419885,514.7396279267934,24.74625428540741,471.74,-8.353665735817195
2025-02-06,23.3,-0.7411600490968536,539.8521098805797,26.933601134794966,519.89,-3.697699706127955
2025-02-07,5.0,-1.6104191627953912,531.1444475277552,25.325360539390108,490.36,-7.678598113486634
2025-02-08,14.200000000000001,-1.0496145848000153,537.7256923934326,26.138824422914595,510.29,-5.102172498270541
2025-02-09,23.3,-0.768097155718758,534.0075749629337,26.022195299151896,514.02,-3.7429384712981184
2025-02-10,18.2,-0.8845623521649307,526.7257665543506,26.403752785347372,503.37,-4.434141642079814
2025-02-11,13.4,-1.0832236338223353,535.5896155311309,25.931500726944424,507.5,-5.244615413850983
2025-02-12,9.600000000000001,-1.30288988212962,518.4386465203187,26.002692692687848,484.56,-6.534745576493384
2025-02-13,7.7,-1.3893542299707027,521.1608307151993,25.091390355201305,486.3,-6.689073441562954
2025-02-14,8.5,-1.4062968426514424,518.7852042141601,26.10060813239047,482.08,-7.075221867547288
2025-02-15,6.7,-1.4913509538531948,511.26893085609976,24.956519636499014,474.05,-7.279716918017709
2025-02-16,6.0,-1.5243373867926633,517.1736238608285,24.31457934288163,480.11,-7.166572723515818
2025-02-17,4.7,-1.6032141633739705,511.3874040822721,25.303794967531775,470.82,-7.932812532814282
2025-02-18,0.0,-10.202117897314539,504.66613747798203,24.088736255493917,258.91,-48.696775794413995
2025-02-19,1.9000000000000001,-2.062984869618701,471.96471900716773,23.240459806689923,424.02,-10.158538779768323
2025-02-20,3.5,-1.7598802016683308,453.6826623144311,23.508793675461817,412.31,-9.119295435133301
2025-02-21,2.1,-2.0578080787346824,442.35553755966333,21.719972802000996,397.66,-10.103985089965095
2025-02-22,4.6000000000000005,-1.6498309998237188,486.1887866008566,23.844130068612383,446.85,-8.091257487835124
2025-02-23,6.0,-1.5011586360865028,473.2336044527507,23.43096998948031,438.06,-7.432609206488117
2025-02-24,6.300000000000001,-1.5215185896994552,482.9523585901173,23.044317240661883,447.89,-7.260003593827524
2025-02-25,11.100000000000001,-1.2142897089231037,468.3323476820426,23.81008935124212,439.42,-6.173468013717387
2025-02-26,0.0,-3.1417445309739187,475.9230368512691,22.886340057456916,404.02,-15.10812280216214
2025-02-27,0.7000000000000001,-2.276689672041047,460.0539401812434,23.6896308561026,406.12,-11.723394904518258
2025-02-28,0.0,-3.1715247493598118,458.9756744629727,22.237149908946446,388.45,-15.365885032031745
2025-03-01,1.5,-2.285098097127082,444.8468102140544,21.743840227876678,395.16,-11.169420365214211
2025-03-02,0.5,-2.6963561134468588,466.05038923699317,22.656646218196606,404.96,-13.10810818911855
2025-03-03,0.30000000000000004,-2.621653716591753,456.50777602698474,22.416298931245315,397.74,-12.8733351572769
2025-03-04,0.5,-2.4298236106573636,408.8829580811998,20.578841785905762,358.88,-12.229161693569468
2025-03-05,0.4,-2.5580302215129396,444.48342350176443,22.42093172371228,387.13,-12.903388623566247
2025-03-06,0.9,-2.3142563716582623,451.6185201825224,23.43669376154805,397.38,-12.009808667855737
2025-03-07,0.5,-2.4951150644474263,456.3665646359885,21.689004612241476,402.25,-11.858135286302895
2025-03-08,0.9,-2.3452148078551716,457.5016558405315,22.80032230575053,404.03,-11.687751324591888
2025-03-09,1.4000000000000001,-2.1860091707549487,417.8186577797863,21.30304676521298,371.25,-11.145662576976289
2025-03-10,2.0,-2.0318835679291087,447.14325700615893,22.635772885919643,401.15,-10.286022719901034
2025-03-11,2.4000000000000004,-1.9856649944347895,440.48647503108157,21.72897904044385,397.34,-9.795187247925629
2025-03-12,2.5,-2.059675067826111,443.2630202264835,21.441740426280134,399.1,-9.963163677384712
2025-03-13,1.0,-2.2510840920330533,424.67629195712203,21.3436227798337,376.63,-11.313627077155763
2025-03-14,0.7000000000000001,-2.359989887902262,391.68367975961695,19.802490527265565,344.95,-11.931485066801418
2025-03-15,2.0,-2.0937925489069866,308.1437051514321,16.732174864185087,273.11,-11.369274973251631
2025-03-16,0.8,-2.5706177737116835,405.8038297886852,19.926660331188017,354.58,-12.622805904852862
2025-03-17,2.0,-2.15667142127102,423.5713655763787,22.12268542585355,375.86,-11.264067747227202
2025-03-18,0.4,-2.870287427368636,417.12245231239024,21.085849753237895,356.6,-14.509516804207866
2025-03-19,0.30000000000000004,-2.9544293115323805,401.82847458269725,20.172583380360468,342.23,-14.83181963264072
2025-03-20,3.3000000000000003,-1.8207156380531102,167.88658042799372,11.345307403063861,147.23,-12.303890147344632
2025-03-21,3.9000000000000004,-1.7066398911301208,175.99770978279963,11.746888245348789,155.95,-11.390892419873367
2025-03-22,8.5,-1.3640532597094301,133.83884601820048,10.24068859094465,119.87,-10.437064001807727
2025-03-23,40.1,-0.2669761539599121,158.42888244366847,10.858206374220218,155.53,-1.8297689152097618
2025-03-24,23.400000000000002,-0.7338536075797574,376.06833913221186,18.870709710114966,362.22,-3.6823996309200746
2025-03-25,38.400000000000006,-0.3312518682449876,345.6298700169625,17.901392427242214,339.7,-1.715670586188489
2025-03-26,30.700000000000003,-0.504090105586947,396.2057614757942,19.730125351545148,386.26,-2.5102516022856514
2025-03-27,27.400000000000002,-0.6540801147007126,391.6522648050208,20.38322806532829,378.32,-3.4041076748676846
2025-03-28,20.1,-0.9026606318406307,382.19900207368204,18.765636357133253,365.26,-4.431984903617425
2025-03-29,24.0,-0.6564299324215638,302.7373133493265,16.32666666091917,292.02,-3.540136242459113
2025-03-30,37.7,-0.3118852448409467,331.1654299791998,17.55591121377639,325.69,-1.6533821116363923
2025-03-31,1.7000000000000002,-2.151016294973773,362.3601746962871,18.349546043653795,322.89,-10.892525573310897
2025-04-01,31.900000000000002,-0.5064490754968954,364.8298312097047,19.132882597818156,355.14,-2.655986539690336
2025-04-02,34.5,-0.397502942498631,369.61030500541045,19.145278674091124,362.0,-2.0590077988488553
2025-04-03,19.1,-0.8908713508761876,359.0606769552474,18.207652595880152,342.84,-4.517530878846177
2025-04-04,16.6,-0.9541392596004307,349.59342937018965,18.397134631480633,332.04,-5.021098194497831
2025-04-05,26.200000000000003,-0.6396600421278591,229.78188013209046,13.478846456860648,221.16,-3.7522019260762263
2025-04-06,16.8,-0.9841479310670704,292.09852405814524,15.72784190809058,276.62,-5.299076435957639
2025-04-07,25.6,-0.6229228104443469,246.36275641720195,14.131374941944902,237.56,-3.573087322620694
2025-04-08,50.900000000000006,0.021379930113079357,56.22667322711136,8.574712383954532,56.41,0.32604947503853676
2025-04-09,59.6,0.23050541310564338,262.19164486282585,14.612910218837154,265.56,1.2846920194335087
2025-04-10,52.300000000000004,0.07516224536491348,334.50583813204963,17.351288355695143,335.81,0.3898771618555452
2025-04-11,61.5,0.2979304542844952,315.5810984222073,17.21509569130733,320.71,1.6252245788595632
2025-04-12,62.900000000000006,0.30819854985854855,123.00642047919095,10.167404142714801,126.14,2.5474926500598016
2025-04-13,80.2,0.8271266369634472,334.2824268791855,18.10795545005493,349.26,4.480514653624801
2025-04-14,75.10000000000001,0.6857164151749081,267.8992592622654,14.073952203049652,277.55,3.60237679055575
2025-04-15,76.3,0.7025523320965943,322.7007596269931,16.979859186937286,334.63,3.6966880359363907
2025-04-16,71.9,0.555642354520093,325.90635510275035,16.76194096047896,335.22,2.857767193374716
2025-04-17,59.7,0.1956789639023148,312.4509718742591,16.60386924209125,315.7,1.039852142642217
2025-04-18,0.1,-2.9496912422066397,315.98246884988,17.20263638923398,265.24,-16.058634213022493
2025-04-19,63.300000000000004,0.360202164282925,294.61378171513354,15.841709158033465,300.32,1.9368470312715713
2025-04-20,77.7,0.7856017543726903,301.40794413068403,15.990360273247038,313.97,4.167791895979156
2025-04-21,80.80000000000001,0.8567995159921167,267.7135386241714,14.818473029046299,280.41,4.742554837188306
2025-04-22,75.60000000000001,0.7025659040244365,220.2263009777857,12.530779346420115,229.03,3.9975693108073918
2025-04-23,71.5,0.5559510270707024,296.53612134353426,15.97960551907557,305.42,2.9958841493626487
2025-04-24,56.0,0.15278628312476986,294.0270557871222,15.531132844914284,296.4,0.80704961199074
2025-04-25,62.2,0.2642819072943685,283.46559465953635,14.962829338813469,287.42,1.3950212706459908
2025-04-26,53.900000000000006,0.08254183128169286,269.78501221998545,14.477358678832452,270.98,0.4429407587105638
2025-04-27,50.900000000000006,0.027489095546232547,277.81602819262156,15.059490742179026,278.23,0.14900933184871512
2025-04-28,69.60000000000001,0.4993578189460768,229.11861671158968,13.179693076485462,235.7,2.872478623897612
2025-04-29,62.300000000000004,0.30162902906969097,213.4012912846881,12.89235464397019,217.29,1.8222517267358684
2025-04-30,57.800000000000004,0.22472380816276938,202.60649468236156,12.252841011488472,205.36,1.3590409932096703
2025-05-01,69.8,0.5061206129766884,187.56552284888622,12.140340637096692,193.71,3.275909696935164
2025-05-02,56.400000000000006,0.1645505211661201,202.814656777513,12.065249285550522,204.8,0.978895339238206
2025-05-03,38.1,-0.3019162693932405,267.3538974904827,14.88458107142686,262.86,-1.6808797375556073
2025-05-04,41.0,-0.2433539054887054,267.8433782447597,14.560596405017462,264.3,-1.3229291939118704
2025-05-05,47.300000000000004,-0.044882640803757326,260.57006375767514,14.48363334133554,259.92,-0.24947752949843194
2025-05-06,52.7,0.0791046407080596,257.9442455549751,14.484034762874376,259.09,0.4441868600556509
2025-05-07,42.400000000000006,-0.23398167942378664,235.58553550033383,13.956371603084516,232.32,-1.3861358225574105
2025-05-08,56.1,0.17226205033730516,250.6590891853969,13.937548273922415,253.06,0.9578391202192948
2025-05-09,65.5,0.40526101621449573,219.9213806347251,12.852504316025986,225.13,2.36840063037167
2025-05-10,72.3,0.6208839713022484,130.64298395878225,10.383607434432143,137.09,4.934835263141091
2025-05-11,83.0,0.9157537317746898,246.05096793346289,13.364980918029904,258.29,4.974185701983025
2025-05-12,77.7,0.7369339298278279,221.9503186946135,12.687271124342164,231.3,4.212510871971742
2025-05-13,70.4,0.5698109346327523,243.99453037797937,13.593050925219114,251.74,3.1744439557812587
2025-05-14,77.2,0.7165020910926484,230.7044716194625,13.392183753996395,240.3,4.159229473612003
2025-05-15,62.5,0.2658235816499598,228.77578107539748,13.182497342893184,232.28,1.531726351509044
2025-05-16,67.0,0.4286849179462408,223.90774857508217,13.138439820127331,229.54,2.515433905597586
2025-05-17,67.10000000000001,0.4260820199172836,219.324931918315,13.342660309173867,225.01,2.59207561673942
2025-05-18,71.10000000000001,0.5333159980827786,132.9876104101976,9.84854959417732,138.24,3.949533023115115
2025-05-19,68.2,0.42830514957420185,137.62602060016619,10.188948173672694,141.99,3.170897030084263
2025-05-20,43.2,-0.14637296523711912,33.68011531068765,8.199022014553986,32.48,-3.56327553993504
2025-05-21,57.1,0.1498983189998762,72.25214313154164,8.72495920758871,73.56,1.8101288235523816
2025-05-22,63.900000000000006,0.3319721566652375,212.3531417778279,12.792813508400663,216.6,1.9999036447576168
2025-05-23,73.8,0.6574414778293334,224.57538901413216,12.677341800740418,232.91,3.7112753193732084
2025-05-24,62.900000000000006,0.3041834546538368,221.09576244203606,13.196763967155057,225.11,1.8156103552714464
2025-05-25,72.3,0.5980445618181366,219.10940178231957,12.675640083725241,226.69,3.4597320589700553
2025-05-26,74.5,0.6245310524069081,151.6802023332769,10.791772508696301,158.42,4.443426078714063
2025-05-27,69.8,0.5143127519393637,214.02141208158375,13.004902909527855,220.71,3.125195677087955
2025-05-28,64.3,0.3263422560168712,100.4799813088509,9.131573707858358,103.46,2.965783484761264
2025-05-29,74.3,0.6314104550383981,186.21715066480908,12.341969699102536,194.01,4.184818265863188
2025-05-30,75.10000000000001,0.6929376958593207,167.76918393962248,10.896817149016488,175.32,4.500716927308246
2025-05-31,69.0,0.49678754584089957,121.93466812757426,9.69293899565741,126.75,3.9491081136889594
2025-06-01,59.900000000000006,0.23608351159787827,88.89608064878648,9.20826321337021,91.07,2.445461414437733
2025-06-02,69.0,0.4530574807102389,147.21036483107235,10.395225587020569,151.92,3.199255143706803
2025-06-03,46.800000000000004,-0.0790204521248228,51.523184148547415,8.392562326514916,50.86,-1.287156761576258
2025-06-04,82.0,0.8816724125132267,212.10741113870714,12.524592833911314,223.15,5.2061306118491135
2025-06-05,76.7,0.687917628314766,205.7416283853121,12.848007614548521,214.58,4.295859658569157
2025-06-06,66.9,0.37565122522522276,95.1069747703908,9.271964577966475,98.59,3.662218505023418
2025-06-07,46.1,-0.09537890119027732,41.37935725135839,8.276014360919824,40.59,-1.9076111950300456
2025-06-08,75.5,0.6909500664938535,119.18163676932006,9.549695209108961,125.78,5.536392526183609
2025-06-09,78.30000000000001,0.7188548790938522,158.2778245297771,11.159658207342686,166.3,5.068414033397128
2025-06-10,76.80000000000001,0.7663577378029729,199.89811493730508,12.203027169984038,209.25,4.678325788929016
2025-06-11,69.4,0.5456780688486242,200.45228304741445,12.402397664958931,207.22,3.376223433177228
2025-06-12,65.3,0.3689388927437734,199.7708661276677,12.68267888103369,204.45,2.3422503806646233
2025-06-13,63.800000000000004,0.34211246611461343,193.46901989514933,11.490314303312365,197.4,2.031839571514382
2025-06-14,73.2,0.6045730164703795,193.34640364346356,12.030963264665965,200.62,3.7619506851284124
2025-06-15,68.4,0.498531067464808,182.9645615392754,12.166619811756682,189.03,3.315089222577461
2025-06-16,51.0,0.05745887996535256,78.38547502943223,8.954663115938795,78.9,0.6564034604301217
2025-06-17,66.4,0.38646819904968654,118.41056944774843,9.882909318736283,122.23,3.22558245439144
2025-06-18,70.3,0.5339807309269196,150.08880099488107,10.938968642180521,155.93,3.8918286816870262
2025-06-19,71.0,0.5233919135000789,110.64620392758755,9.407473485965099,115.57,4.450036149125203
2025-06-20,65.5,0.44261752853945846,157.10294875548385,10.860507078788405,161.91,3.059809686957493
2025-06-21,70.2,0.4943269842479279,196.13676962582306,12.609527860052452,202.37,3.178001955507015
2025-06-22,57.7,0.18439451832566386,87.59601489435688,9.240973846300268,89.3,1.9452769714445983
2025-06-23,63.900000000000006,0.32314641220791857,90.65200832844158,9.153718675696691,93.61,3.2630183556897174
2025-06-24,75.3,0.6989781236286039,182.45299242740444,11.498223766854029,190.49,4.404974380342597
2025-06-25,37.300000000000004,-0.2912310522288878,20.255817719276774,8.192180778066998,17.87,-11.778432015638995
2025-06-26,73.5,0.596073926595449,139.8836179977735,10.412100125903997,146.09,4.436818328737591
2025-06-27,59.5,0.26956683555658917,78.44185375604808,8.93339111769018,80.85,3.069976203572633
2025-06-28,62.800000000000004,0.30800688604730897,85.35117075061704,9.216771020307748,88.19,3.3260577733345675
2025-06-29,60.2,0.28290915029334635,141.89101718558743,10.282391108548909,144.8,2.0501529075711344
2025-06-30,68.7,0.48562477597252585,190.30826219762355,12.049915091405332,196.16,3.0748732266283607
2025-07-01,63.900000000000006,0.35585734655558426,90.87951054649925,9.246652147251481,94.17,3.6207165220340176
2025-07-02,59.5,0.225373084070689,87.22004563583387,9.273308511576865,89.31,2.396185818214569
2025-07-03,61.800000000000004,0.2608847758839287,85.22116603437554,9.118330867256326,87.6,2.7913651928499927
2025-07-04,47.400000000000006,-0.06428523385865671,42.644783110103866,8.163352831110014,42.12,-1.2305915796287148
2025-07-05,63.0,0.2808723725270908,78.62024435355237,9.042382284609689,81.16,3.230409250607824
2025-07-06,71.7,0.5332596059375835,144.8899926646275,10.782753349568171,150.64,3.9685331123467282
2025-07-07,71.3,0.591209051675976,175.39203133757647,11.14321246019274,181.98,3.756139097188327
2025-07-08,65.5,0.36390824070190997,202.19190090049,12.910119118325012,206.89,2.3235842180553856
2025-07-09,75.10000000000001,0.6539287216703615,181.8633827369291,12.259159666002946,189.88,4.408043632767544
2025-07-10,62.7,0.33393930833160007,100.99679197766116,9.292729579825492,104.1,3.072580783580947
2025-07-11,69.3,0.48872109778112893,130.72945006755734,10.293292977448786,135.76,3.8480617258337846
2025-07-12,68.9,0.5011310984861079,215.22412279894203,13.46130128484507,221.97,3.1343499573046607
2025-07-13,69.7,0.5434989836317298,167.98340395852168,11.290905195394897,174.12,3.653096613635465
2025-07-14,72.2,0.5632738894329139,168.89982163402485,11.113914420929058,175.16,3.7064446281890095
2025-07-15,65.2,0.4348253199545565,131.6862730428694,10.495539962535375,136.25,3.465605679070971
2025-07-16,63.2,0.33703644107959013,173.68509580473463,11.5266582028485,177.57,2.2367516206646565
2025-07-17,71.5,0.5262272889501564,137.94349306682133,10.388108944059638,143.41,3.9628595823150814
2025-07-18,73.10000000000001,0.6159209054681728,175.41843416861556,10.945504780908747,182.16,3.843134197004816
2025-07-19,64.4,0.3232298972694451,225.49748118166306,13.434767426501738,229.84,1.9257504764935929
2025-07-20,69.8,0.511154846829614,224.50273597464698,13.160911132748385,231.23,2.996517613091676
2025-07-21,69.7,0.5007272688952621,167.5314166754182,11.520408777779519,173.3,3.443284512873235
2025-07-22,72.3,0.5775993867938326,228.70753283674142,13.214118228251367,236.34,3.3372172173738113
2025-07-23,65.10000000000001,0.3789874059222143,220.20620068747166,13.38777715104947,225.28,2.30411282547367
2025-07-24,65.4,0.37839136335094814,131.4143954831954,10.506593235126147,135.39,3.025242784237414
2025-07-25,71.9,0.5509462579590944,166.73932326226767,11.073087617266333,172.84,3.65881102212251
2025-07-26,75.8,0.6896117908467307,222.83367486525293,13.161498346759748,231.91,4.07313891862866
2025-07-27,67.4,0.44113129968700054,236.85136673191855,13.416941466519516,242.77,2.498880774785861
2025-07-28,56.5,0.156803813388097,236.98102427623468,14.08751177175893,239.19,0.9321318998058103
2025-07-29,56.300000000000004,0.12162441769269995,196.64943205565197,12.255498122833467,198.14,0.7579823286375742
2025-07-30,59.6,0.24429968674801505,92.02885704471456,9.337477019930294,94.31,2.478725726406772
2025-07-31,77.10000000000001,0.7228360225997565,193.41054873841566,11.93832386453511,202.04,4.4617273038481065
2025-08-01,78.2,0.7554740506916113,253.63177407047257,14.584518374875397,264.65,4.3441820213211635
2025-08-02,58.400000000000006,0.20266255246144538,240.0951741261084,13.741195092067343,242.88,1.1598841517859393
2025-08-03,75.2,0.671038038401335,177.81627486865304,11.286579935695404,185.39,4.259298051846727
2025-08-04,45.7,-0.14083647967002919,56.17468903480242,8.48280855049077,54.98,-2.126739026650004
2025-08-05,76.2,0.7064732710050011,215.38384310376165,13.498254755200161,224.92,4.427517291370964
2025-08-06,76.9,0.7263002404959492,214.00236860788502,12.89773862585826,223.37,4.377349397136454
2025-08-07,63.900000000000006,0.3481522400546749,202.23092449705135,12.578046759396761,206.61,2.165383713613256
2025-08-08,71.60000000000001,0.5227404709499848,228.09707841735772,13.033085132131768,234.91,2.9868517518564675
2025-08-09,70.9,0.5573088575538839,169.46079193179045,11.231128710879158,175.72,3.693602512331551
2025-08-10,71.10000000000001,0.504314190645416,182.955561361519,11.688027510435855,188.85,3.2217870802154103
2025-08-11,73.10000000000001,0.6107608594285086,214.61686595009144,12.759713263943874,222.41,3.631184350497807
2025-08-12,70.7,0.5015498324604761,254.3288091974188,13.73979185124033,261.22,2.7095596540272604
2025-08-13,61.400000000000006,0.322058231407619,284.22873174759604,15.62223051513252,289.26,1.7701476629294
2025-08-14,73.4,0.6423245440410102,245.3331439381651,14.037849718124187,254.35,3.6753517755870435
2025-08-15,74.3,0.6027423490957159,180.6569061946611,11.452809335453436,187.56,3.8211070646259726
2025-08-16,67.9,0.4555815351822213,165.97152607613884,11.58623223429888,171.25,3.180349092795387
2025-08-17,54.6,0.09871044207164724,290.62332839773114,15.162240915425006,292.12,0.5149867391996077
2025-08-18,68.8,0.5069925852152324,224.51822499737546,13.277855913364366,231.25,2.9983200707663027
2025-08-19,66.2,0.3849079776021032,283.10418293095324,15.291490503278744,288.99,2.079028648786263
2025-08-20,73.3,0.5446296695954348,235.8712989834779,13.63991146022335,243.3,3.1494722115565477
2025-08-21,72.7,0.5782906085535936,255.55709596253556,13.925357493381357,263.61,3.1511173685605742
2025-08-22,76.3,0.6934055025866949,258.689682542939,13.917277448269031,268.34,3.7304608990190946
2025-08-23,77.60000000000001,0.7699263897883147,168.87936618142737,11.3525567698094,177.62,5.1756671144671085
2025-08-24,66.9,0.48870294233889455,280.0328492693347,14.870281335287975,287.3,2.5951065204053325
2025-08-25,68.5,0.5215458680232825,310.37835681382427,16.492590953181306,318.98,2.771341170330155
2025-08-26,77.10000000000001,0.7117654809667039,271.12585127284007,14.4909359770946,281.44,3.8041922888351065
2025-08-27,72.9,0.6128091017037857,321.58567698327056,16.668033120790135,331.8,3.176236924650344
2025-08-28,47.5,-0.07575052708337204,301.2363325599061,16.71714419573334,299.97,-0.4203784281745726
2025-08-29,58.7,0.2001780732789988,317.80555331352815,17.057045411436786,321.22,1.0743823230500382
2025-08-30,50.2,-0.008430287380241193,331.3057080124768,17.28387153064603,331.16,-0.04397992819107355
2025-08-31,56.300000000000004,0.15119914721090247,330.8255433539156,16.960786764942462,333.39,0.7751688760444297
2025-09-01,54.900000000000006,0.08220505126822046,347.2153250141352,17.574040540964486,348.66,0.41607466081918787
2025-09-02,57.900000000000006,0.20546605041328397,300.0119348576241,15.905620078530115,303.28,1.0893117115246653
2025-09-03,58.1,0.18402498875155407,299.78347491091733,15.142100667750418,302.57,0.9295125723359776
2025-09-04,59.7,0.25076261635102803,94.20067354571715,9.009820667836415,96.46,2.3984185773219036
2025-09-05,57.2,0.18716280545299163,332.5416734977594,17.569336530936322,335.83,0.9888464407041386
2025-09-06,66.8,0.4141857048029379,357.6554339330596,18.215417783055162,365.2,2.109450983024197
2025-09-07,74.7,0.6867657085822728,325.32319413241,17.424872895194557,337.29,3.6784361162762513
2025-09-08,46.6,-0.07801216543969969,344.9631042681931,18.242080349389983,343.54,-0.41253810931811685
2025-09-09,58.2,0.18535969936879612,310.24536864427955,16.641325923945725,313.33,0.9942554079694244
2025-09-10,52.400000000000006,0.04383732019317734,106.1247059174678,9.24541091720215,106.53,0.38190360955854263
2025-09-11,55.7,0.12140266562037115,181.84509599322845,11.819377095523235,183.28,0.789080397760622
2025-09-12,61.800000000000004,0.31051978831660687,369.5751444256055,19.209259726123904,375.54,1.6139763900153703
2025-09-13,55.400000000000006,0.16404460678148722,368.3869015105216,18.42851395572339,371.41,0.820631373450742
2025-09-14,47.900000000000006,-0.08794363015678763,374.78469404128157,18.92910208925973,373.12,-0.4441734328398672
2025-09-15,50.800000000000004,-0.00025977530554218537,158.57281511773607,10.836740122106958,158.57,-0.0017752839501450346
2025-09-16,53.7,0.11812806940633713,353.88113308563106,17.93703060491394,356.0,0.5987510257734474
2025-09-17,23.700000000000003,-0.6997840535509677,248.95041722096545,14.11923645736774,239.07,-3.968829348133096
2025-09-18,51.5,0.019403822969555434,392.56581136958664,19.79963492824669,392.95,0.09786604418580147
2025-09-19,52.300000000000004,0.06614264491147422,324.831940834268,17.508509088793417,325.99,0.35651025042604534
2025-09-20,49.1,0.0009630680273452643,384.4409055023214,19.8267372328127,384.46,0.004966822574092866
2025-09-21,64.7,0.3820141649089879,157.62008388243487,10.732365739704287,161.72,2.601138139618775
2025-09-22,64.3,0.3246400621043297,388.3880198332058,19.196582830098617,394.62,1.6045757975414743
2025-09-23,73.9,0.6519163010006401,291.2448464749715,15.684763300775618,301.47,3.5108444488501034
2025-09-24,75.60000000000001,0.676588358466908,422.824738277818,21.291027055556697,437.23,3.4069108115232893
2025-09-25,64.0,0.32789009136180935,425.42586817207524,20.903746958524188,432.28,1.6111224870680285
2025-09-26,57.800000000000004,0.21029208907120606,430.4548375683053,22.279307995348095,435.14,1.08842136800269
2025-09-27,41.1,-0.22347045999957194,426.1136379848508,20.73490053848374,421.48,-1.0874183719544628
2025-09-28,44.7,-0.15161127481622316,388.08813613840215,19.115570331453746,385.19,-0.7467726705689848
2025-09-29,42.5,-0.21115038709580072,433.12265311037015,20.992871290397563,428.69,-1.0234175189263506
2025-09-30,21.400000000000002,-0.7442878455637892,405.10661352842,20.148942204977654,390.11,-3.7018930394153826
2025-10-01,50.6,-0.004025204241592681,215.08218574391304,12.964743341120483,215.03,-0.02426316420978125
2025-10-02,46.300000000000004,-0.11638154841703652,451.69044922028615,22.3441700104066,449.09,-0.5757149004977036
2025-10-03,28.3,-0.6262384648457456,455.8869946100082,22.271059295607333,441.94,-3.059309604113458
2025-10-04,35.1,-0.3916092988339847,423.96094838625606,21.503442384335834,415.54,-1.9862556724408509
2025-10-05,32.4,-0.44765933195280333,459.20265846269575,22.67942895493308,449.05,-2.2109319873461764
2025-10-06,67.7,0.4449119165712307,286.7926958135996,14.783384073362868,293.37,2.2934001745551047
2025-10-07,63.2,0.3010909465796893,332.73321940325746,17.49232368319529,338.0,1.5828839110769488
2025-10-08,44.900000000000006,-0.13882842780406296,441.6996949129808,21.679239776453837,438.69,-0.6813894027193679
2025-10-09,44.0,-0.11149243479915497,469.0027607957856,23.165344706533663,466.42,-0.5506920239452873
2025-10-10,57.5,0.17755959715549835,480.16635242928396,22.942423042269812,484.24,0.8483825553595059
2025-10-11,38.800000000000004,-0.2520122983749947,393.2885136888977,19.516957976259693,388.37,-1.2506120869800852
2025-10-12,54.0,0.07617136265242831,477.55216783543295,22.814769591630807,479.29,0.3639041515493435
2025-10-13,45.5,-0.10502786407676978,432.11587475312706,21.669246233891577,429.84,-0.5266815884575671
2025-10-14,29.0,-0.5851110888738802,427.22180444327313,21.434910560830954,414.68,-2.9356658093836696
2025-10-15,42.900000000000006,-0.1727201288257645,336.3888463941284,17.70984217186384,333.33,-0.9093186135382569
2025-10-16,52.2,0.06452015866626341,444.81364476097536,21.487163131069128,446.2,0.3116710234394082
2025-10-17,30.8,-0.4717432415464521,469.6283231018822,23.03863982133756,458.76,-2.3142392754545216
2025-10-18,28.5,-0.5850283358236011,432.3839878952535,21.95447044824487,419.54,-2.9705049804862216
2025-10-19,52.5,0.025638994244268905,503.9097042101325,24.193451518370647,504.53,0.12309661526359594
2025-10-20,40.2,-0.19254650460951483,507.35339605409825,24.790872580274744,502.58,-0.9408424366965873
2025-10-21,31.400000000000002,-0.503419546977631,509.848974900006,24.927467500867703,497.3,-2.461312176310082
2025-10-22,15.9,-1.0076824963171906,497.64542264895977,24.75523960418694,472.7,-5.01269006277113
2025-10-23,35.1,-0.38494302766874067,418.33743704613426,20.46390269463487,410.46,-1.8830342084028118
2025-10-24,41.900000000000006,-0.23647858030438923,496.38137971711507,23.72891224826231,490.77,-1.1304573351065272
2025-10-25,28.3,-0.5860195446378984,444.9290905431775,21.533565002435687,432.31,-2.8362026245062677
2025-10-26,25.5,-0.6788835209153387,522.7860984341,25.94863067447081,505.17,-3.369657013999694
2025-10-27,44.900000000000006,-0.14688770203515364,490.07786403261014,23.813184066868512,486.58,-0.7137363854445411
2025-10-28,43.900000000000006,-0.15998068996378534,531.7568378861723,24.920743416559493,527.77,-0.7497483063914512
2025-10-29,45.7,-0.05090990351001489,540.6618739358171,27.143518051165987,539.28,-0.2555893068171389
2025-10-30,16.7,-0.9499521399975093,528.9652300152567,25.733116476129684,504.52,-4.621330217593245
2025-10-31,33.7,-0.4788079973596443,467.0739484729483,23.12816004579471,456.0,-2.370919746038813
2025-11-01,31.3,-0.458558337051223,546.5376995949589,27.254327588431885,534.04,-2.286704028692077
2025-11-02,36.2,-0.3682440018653013,550.4648928077156,27.467908202810268,540.35,-1.8375182395598988
2025-11-03,26.400000000000002,-0.6114187096544755,546.1225723685816,26.14014177975507,530.14,-2.926554069952425
2025-11-04,36.6,-0.3105258118164647,547.2807706510055,26.119472300980707,539.17,-1.4820127228949653
2025-11-05,36.4,-0.3640376502667212,549.0222115610468,27.750457101367246,538.92,-1.8400369508408398
2025-11-06,22.5,-0.7785104111718708,539.5202379483671,26.037207568418363,519.25,-3.7570857444474637
2025-11-07,15.700000000000001,-0.9766406213661197,540.5376052521926,27.18257227353226,513.99,-4.911333641589399
2025-11-08,17.400000000000002,-0.932381789254325,387.5149212606043,20.308118998512164,368.58,-4.886243141040381
2025-11-09,16.8,-0.9718077858722016,452.3725512067304,21.087040598805732,431.88,-4.5300164990261464
2025-11-10,22.6,-0.7660945447653689,364.7119270425132,19.282119129229457,349.94,-4.050299962027648
2025-11-11,11.4,-1.252215666826973,529.0851027163175,24.544575090633046,498.35,-5.8091037828364005
2025-11-12,18.5,-0.8832733013184103,464.48688862822394,22.57159558110949,444.55,-4.292239267959497
2025-11-13,21.700000000000003,-0.7978796033173363,562.8554504154969,27.10365013431266,541.23,-3.8420966519082445
2025-11-14,37.6,-0.3036606830387405,488.21754313026383,23.537926461461876,481.07,-1.4640078446252702
2025-11-15,36.6,-0.3362415268614173,555.9939971177772,26.837841434305997,546.97,-1.6230385875669162
2025-11-16,34.800000000000004,-0.347855510378057,557.5283265821569,26.960407279760513,548.15,-1.6821255773046162
2025-11-17,26.8,-0.6359239236871206,555.9005255748173,26.749308062300017,538.89,-3.059994512008768
2025-11-18,32.800000000000004,-0.4160494417521383,562.8556866177483,27.12582945471733,551.57,-2.005076414092044
2025-11-19,30.700000000000003,-0.535793276829368,553.6871008314378,25.26552848096975,540.15,-2.4449008855561116
2025-11-20,5.7,-1.5380111206569038,563.0063880110579,27.000056056363427,521.48,-7.375828924030303
2025-11-21,30.200000000000003,-0.544685878278753,560.0554361989,25.96989607829517,545.91,-2.525720720596014
2025-11-22,22.1,-0.777536172918382,553.0338605571334,26.987631586112624,532.05,-3.794317500920108
2025-11-23,26.3,-0.6041972955788891,561.5719583965969,27.577014849819165,544.91,-2.9670210820658127
2025-11-24,23.700000000000003,-0.7055221372507116,569.4408460053331,28.33482359279547,549.45,-3.5106097754613597
2025-11-25,4.3,-1.6617641133161116,569.9208590633639,27.278755774271914,524.59,-7.953886639254238
2025-11-26,22.700000000000003,-0.7229436913574728,560.1786587498153,26.708384425646933,540.87,-3.4468751081855986
2025-11-27,15.5,-0.9678158094169856,490.44968386265316,23.826520160616685,467.39,-4.701743037336903
2025-11-28,20.1,-0.8834061188882034,537.5407949174629,25.64029561235504,514.89,-4.213781564418905
2025-11-29,4.800000000000001,-1.6887168477343832,543.5831395048181,26.519033001999812,498.8,-8.2385078289245
2025-11-30,11.4,-1.1879715397088846,571.3768530534162,26.7572503237191,539.59,-5.563202794013867
2025-12-01,15.200000000000001,-1.039889605295604,559.440334036202,27.233980272609713,531.12,-5.062261748608443
2025-12-02,10.100000000000001,-1.286346219970759,571.1783759147227,28.358131008621942,534.7,-6.386512069246974
2025-12-03,11.200000000000001,-1.1908333056745455,535.1289628601294,25.31753313048145,504.98,-5.633962082521338
2025-12-04,3.2,-1.9726582629205387,566.0394549825361,26.81125971184412,513.15,-9.343775335266669
2025-12-05,13.0,-1.1193456202397452,564.8785732606551,26.246202790356293,535.5,-5.200865221541829
2025-12-06,18.900000000000002,-0.8586712668167784,578.4807754283446,26.821410544051137,555.45,-3.9812516520174923
2025-12-07,15.100000000000001,-1.024852035769438,498.71810315367424,24.9676062843659,473.13,-5.13077487900806
2025-12-08,10.200000000000001,-1.2434548363810525,577.6670271619698,28.112823156692837,542.71,-6.051414659013998
2025-12-09,6.6000000000000005,-1.4828568397687694,488.9339592768535,23.625987927101402,453.9,-7.165376552831326
2025-12-10,7.2,-1.3773067471240141,579.2135575825183,28.732565412785522,539.64,-6.832291313706074
2025-12-11,5.0,-1.5759489198634684,501.57625142196116,24.433691575072253,463.07,-7.6770483675805075
2025-12-12,2.0,-2.058360331070803,368.0268940308942,19.280828226945044,328.34,-10.783693983940934
2025-12-13,17.7,-0.9565612330294625,588.9952472706293,27.92842255321177,562.28,-4.535732231189693
2025-12-14,19.900000000000002,-0.8136509997791919,614.4414843611021,30.24820660716953,589.83,-4.005504997224129
2025-12-15,20.6,-0.8342839823578239,604.6538256945189,29.071425765228813,580.4,-4.0111919686707465
2025-12-16,21.200000000000003,-0.745859114020659,539.8952009956572,25.883172688915266,520.59,-3.5757311715412854
2025-12-17,13.3,-1.1160463771507945,501.62197104180495,24.077825506105984,474.75,-5.357016357556132
2025-12-18,27.200000000000003,-0.6364589602043964,607.7114690547805,29.65072313894527,588.84,-3.10533370122712
2025-12-19,25.8,-0.6206808782711477,613.3650949315363,29.201953766227312,595.24,-2.955025494817143
2025-12-20,22.900000000000002,-0.7493766025824351,609.0551824461818,28.243718343844243,587.89,-3.4750845335844494
2025-12-21,12.700000000000001,-1.1471064322979054,596.3772483868211,27.344670343168744,565.01,-5.259631964778732
2025-12-22,19.5,-0.8728985486115679,594.7925812827577,29.078499958824246,569.41,-4.267467699078642
2025-12-23,19.700000000000003,-0.8537946866657989,538.2542243271072,27.154330936223605,515.07,-4.30730002278954
2025-12-24,25.8,-0.6795301034036938,603.6996613853828,29.019554258272,583.98,-3.266468849780313
2025-12-25,18.400000000000002,-0.901637557943819,595.298794221308,28.923809894457992,569.22,-4.380790701150472
2025-12-26,27.1,-0.6151212135557433,543.5984495236997,25.95984101454086,527.63,-2.9375450827152427
2025-12-27,24.5,-0.7392210095407667,597.5641302669619,27.683371094192793,577.1,-3.4245914756997786
2025-12-28,17.6,-0.9256850369793457,599.6207949108606,28.56348858295908,573.18,-4.40958604759385
2025-12-29,8.6,-1.3724684196199182,586.2818423859286,27.77611525955359,548.16,-6.50230650684801
2025-12-30,12.4,-1.1720705099397146,579.4583391828519,27.659033936831026,547.04,-5.594593604186981
2025-12-31,31.900000000000002,-0.4661536850087148,452.49511151824805,21.870707837274217,442.3,-2.253087659674502
