date,mc_percentile,efficiency_ratio,ghi_kwh,yield_kwh,predicted_class,confidence,prob_cloudy,prob_healthy,prob_investigate,physics_healthy
2024-01-01,0.0,0.0628152058545873,8607.47,540.68,Investigate,0.995,0.005,0.0,0.995,False
2024-01-02,0.0,0.0620436164994119,7742.94,480.4,Investigate,0.9533333333333333,0.04666666666666666,0.0,0.9533333333333333,False
2024-01-03,0.0,0.0632601836007481,8677.18,548.92,Investigate,0.995,0.005,0.0,0.995,False
2024-01-04,0.0,0.0625876770781067,8447.19,528.69,Investigate,0.995,0.005,0.0,0.995,False
2024-01-05,0.0,0.064003138682534,7646.5,489.4,Investigate,0.9166666666666667,0.08333333333333334,0.0,0.9166666666666667,False
2024-01-06,0.0,0.0623027391789413,8602.19,535.94,Investigate,0.995,0.005,0.0,0.995,False
2024-01-07,0.0,0.064246973290382,6003.24,385.69,Investigate,0.9828571428571429,0.0,0.017142857142857144,0.9828571428571429,False
2024-01-08,0.0,0.0635221594818317,8776.15,557.48,Investigate,0.995,0.005,0.0,0.995,False
2024-01-09,0.0,0.0619572756372286,8045.06,498.45,Investigate,0.9466666666666665,0.05333333333333334,0.0,0.9466666666666665,False
2024-01-10,0.0,0.0637765788859143,8617.27,549.58,Investigate,0.995,0.005,0.0,0.995,False
2024-01-11,0.0,0.0616500261435354,8508.35,524.54,Investigate,0.995,0.005,0.0,0.995,False
2024-01-12,0.0,0.0617942167351869,8372.79,517.39,Investigate,0.995,0.005,0.0,0.995,False
2024-01-13,0.0,0.0620127610407339,8563.56,531.05,Investigate,0.995,0.005,0.0,0.995,False
2024-01-14,0.0,0.0604583013991572,7138.97,431.61,Investigate,0.9866666666666667,0.01,0.003333333333333333,0.9866666666666667,False
2024-01-15,0.0,0.0620064984388389,8478.95,525.75,Investigate,0.995,0.005,0.0,0.995,False
2024-01-16,0.0,0.0632450417184058,8457.58,534.9,Investigate,0.995,0.005,0.0,0.995,False
2024-01-17,0.0,0.0634981556034719,8441.82,536.04,Investigate,0.995,0.005,0.0,0.995,False
2024-01-18,0.0,0.0620751687463219,8482.78,526.57,Investigate,0.995,0.005,0.0,0.995,False
2024-01-19,0.0,0.0603900687932527,8357.5,504.71,Investigate,0.9916666666666666,0.008333333333333333,0.0,0.9916666666666666,False
2024-01-20,0.0,0.0629300710715782,7051.16,443.73,Investigate,0.9666666666666667,0.03,0.003333333333333333,0.9666666666666667,False
2024-01-21,0.0,0.0624618042528382,8230.63,514.1,Investigate,0.995,0.005,0.0,0.995,False
2024-01-22,0.0,0.0638857853405374,8153.77,520.91,Investigate,0.995,0.005,0.0,0.995,False
2024-01-23,0.0,0.0625942377865236,8111.13,507.71,Investigate,0.9816666666666666,0.018333333333333333,0.0,0.9816666666666666,False
2024-01-24,0.0,0.0611758789066641,7913.74,484.13,Investigate,0.99,0.01,0.0,0.99,False
2024-01-25,0.0,0.0617791968384289,8177.51,505.2,Investigate,0.9916666666666666,0.008333333333333333,0.0,0.9916666666666666,False
2024-01-26,0.0,0.061831564503573,6825.64,422.04,Investigate,0.9566666666666667,0.04,0.003333333333333333,0.9566666666666667,False
2024-01-27,0.0,0.0623004088993766,7145.86,445.19,Investigate,0.9866666666666667,0.01,0.003333333333333333,0.9866666666666667,False
2024-01-28,0.0,0.0635366627300574,7061.12,448.64,Investigate,0.9816666666666667,0.015,0.003333333333333333,0.9816666666666667,False
2024-01-29,0.0,0.063583057238633,7017.75,446.21,Investigate,0.945,0.051666666666666666,0.003333333333333333,0.945,False
2024-01-30,0.0,0.0607650398793149,7828.35,475.69,Investigate,0.9533333333333333,0.04666666666666666,0.0,0.9533333333333333,False
2024-01-31,0.0,0.0598757790667299,7423.87,444.51,Investigate,0.965,0.03166666666666666,0.003333333333333333,0.965,False
2024-02-01,0.0,0.061110148589177,7503.5,458.54,Investigate,0.9533333333333333,0.04666666666666666,0.0,0.9533333333333333,False
2024-02-02,0.0,0.0601413993637622,7714.32,463.95,Investigate,0.9533333333333333,0.04666666666666666,0.0,0.9533333333333333,False
2024-02-03,0.0,0.0641974929708029,6517.7,418.42,Investigate,0.9866666666666667,0.01,0.003333333333333333,0.9866666666666667,False
2024-02-04,0.0,0.0636987207254211,6879.73,438.23,Investigate,0.9091666666666667,0.0875,0.003333333333333333,0.9091666666666667,False
2024-02-05,0.0,0.0639226235780162,6568.41,419.87,Investigate,0.9866666666666667,0.01,0.003333333333333333,0.9866666666666667,False
2024-02-06,0.0,0.0257722567482295,7190.29,185.31,Investigate,0.995,0.005,0.0,0.995,False
2024-02-08,0.0,0.0152078430461657,7916.31,120.39,Investigate,0.99,0.01,0.0,0.99,False
2024-02-09,0.0,0.0657488358349643,6274.94,412.57,Investigate,0.9906666666666666,0.0,0.009333333333333334,0.9906666666666666,False
2024-02-10,0.0,0.0667752177518924,7977.81,532.72,Investigate,0.915,0.085,0.0,0.915,False
2024-02-11,0.0,0.0644474348490653,7973.63,513.88,Investigate,0.95,0.05,0.0,0.95,False
2024-02-12,0.0,0.0647814556993923,7866.14,509.58,Investigate,0.895,0.105,0.0,0.895,False
2024-02-13,0.0,0.0650485842128614,7665.04,498.6,Investigate,0.9083333333333333,0.09166666666666667,0.0,0.9083333333333333,False
2024-02-14,0.0,0.0634491828113717,6311.35,400.45,Investigate,0.9966666666666667,0.0,0.003333333333333333,0.9966666666666667,False
2024-02-15,0.0,0.0636850597269042,6433.22,409.7,Investigate,0.9966666666666667,0.0,0.003333333333333333,0.9966666666666667,False
2024-02-16,0.0,0.0663015069665236,5394.9,357.69,Investigate,0.9933333333333333,0.0,0.006666666666666666,0.9933333333333333,False
2024-02-17,0.0,0.0663515438067602,7112.57,471.93,Investigate,0.9566666666666667,0.04333333333333333,0.0,0.9566666666666667,False
2024-02-18,0.0,0.0654548779712407,7764.28,508.21,Investigate,0.85,0.15,0.0,0.85,False
2024-02-19,0.0,0.0645218493293397,7669.34,494.84,Investigate,0.9083333333333333,0.09166666666666667,0.0,0.9083333333333333,False
2024-02-20,0.0,0.0659003060035573,6656.57,438.67,Investigate,0.9806666666666666,0.01,0.009333333333333334,0.9806666666666666,False
2024-02-21,0.0,0.0664936939143183,7538.76,501.28,Investigate,0.84,0.16,0.0,0.84,False
2024-02-22,0.0,0.0666922105633772,7516.47,501.29,Investigate,0.84,0.16,0.0,0.84,False
2024-02-23,0.0,0.0652970636085733,7429.89,485.15,Investigate,0.9316666666666668,0.06833333333333334,0.0,0.9316666666666668,False
2024-02-24,0.0,0.0662026272940337,4154.82,275.06,Investigate,1.0,0.0,0.0,1.0,False
2024-02-25,0.2,0.0677033666686122,4949.68,335.11,Investigate,1.0,0.0,0.0,1.0,False
2024-03-04,35.2,0.0699814907706701,1188.6,83.18,Investigate,1.0,0.0,0.0,1.0,False
2024-03-05,0.0,0.0620202094012312,6013.04,372.93,Investigate,0.9828571428571429,0.0,0.017142857142857144,0.9828571428571429,False
2024-03-06,5.3,0.0696694339198328,5910.77,411.8,Investigate,0.9618571428571429,0.015,0.023142857142857142,0.9618571428571429,False
2024-03-07,43.1,0.0714076588997534,4747.67,339.02,Investigate,0.9866666666666667,0.0,0.013333333333333332,0.9866666666666667,True
2024-03-08,1.1,0.0690223226725876,5578.63,385.05,Investigate,0.9773333333333334,0.01,0.012666666666666666,0.9773333333333334,False
2024-03-09,7.000000000000001,0.0698844307613669,6852.17,478.86,Cloudy,0.5693333333333332,0.5693333333333332,0.006,0.4246666666666667,False
2024-03-10,28.000000000000004,0.0709333497569476,6815.13,483.42,Investigate,0.6763333333333332,0.31433333333333335,0.009333333333333334,0.6763333333333332,True
2024-03-11,0.2,0.0681703785629015,6754.84,460.48,Investigate,0.9573333333333334,0.03666666666666667,0.006,0.9573333333333334,False
2024-03-12,2.4,0.0692586664524251,6297.84,436.18,Investigate,0.9706666666666667,0.02,0.009333333333333334,0.9706666666666667,False
2024-03-13,16.8,0.0705869503222721,6042.76,426.54,Investigate,0.9768571428571429,0.0,0.023142857142857142,0.9768571428571429,True
2024-03-14,2.7,0.0694235670510033,6446.37,447.53,Investigate,0.8898333333333335,0.10083333333333332,0.009333333333333334,0.8898333333333335,False
2024-03-15,0.8,0.0688621202469709,6366.49,438.41,Investigate,0.9706666666666667,0.02,0.009333333333333334,0.9706666666666667,False
2024-03-16,9.3,0.0701349217885535,6062.03,425.16,Investigate,0.9685238095238095,0.015,0.016476190476190474,0.9685238095238095,False
2024-03-17,0.4,0.0688033240976168,6363.21,437.81,Investigate,0.9681666666666666,0.0225,0.009333333333333334,0.9681666666666666,False
2024-03-18,0.0,0.0662924856902418,6084.4,403.35,Investigate,0.9906666666666666,0.0,0.009333333333333334,0.9906666666666666,False
2024-03-19,0.4,0.0685662977599422,6092.06,417.71,Investigate,0.9781666666666666,0.0125,0.009333333333333334,0.9781666666666666,False
2024-03-20,0.0,0.0669019218869568,5486.24,367.04,Investigate,0.9873333333333334,0.0,0.012666666666666666,0.9873333333333334,False
2024-03-21,0.0,0.0662672561288948,5980.48,396.31,Investigate,0.9768571428571429,0.0,0.023142857142857142,0.9768571428571429,False
2024-03-22,0.2,0.0682009917759211,4859.9,331.45,Investigate,1.0,0.0,0.0,1.0,False
2024-03-23,4.7,0.0691948708177094,3482.05,240.94,Investigate,0.99,0.01,0.0,0.99,False
2024-03-24,2.1,0.0686532488020775,3959.9,271.86,Investigate,0.99,0.01,0.0,0.99,False
2024-03-25,0.2,0.0683510150640349,5618.79,384.05,Investigate,0.9840000000000001,0.0,0.016,0.9840000000000001,False
2024-03-26,2.7,0.0694419988365021,5508.77,382.54,Investigate,0.9773333333333334,0.01,0.012666666666666666,0.9773333333333334,False
2024-03-27,4.0,0.0695746652034242,5687.99,395.74,Investigate,0.9690000000000001,0.015,0.016,0.9690000000000001,False
2024-03-28,4.9,0.069662668532755,5600.13,390.12,Investigate,0.9690000000000001,0.015,0.016,0.9690000000000001,False
2024-03-29,3.8,0.0694491826253168,5364.21,372.54,Investigate,0.9773333333333334,0.01,0.012666666666666666,0.9773333333333334,False
2024-03-30,0.0,0.0665613071844878,5410.05,360.1,Investigate,0.9933333333333333,0.0,0.006666666666666666,0.9933333333333333,False
2024-03-31,3.4000000000000004,0.0691336313183162,4219.22,291.69,Investigate,0.99,0.01,0.0,0.99,False
2024-04-01,0.0,0.0657158144269499,5008.84,329.16,Investigate,1.0,0.0,0.0,1.0,False
2024-04-02,0.0,0.0663659073842819,4207.13,279.21,Investigate,1.0,0.0,0.0,1.0,False
2024-04-03,0.0,0.0662370159298427,5526.97,366.09,Investigate,0.9873333333333334,0.0,0.012666666666666666,0.9873333333333334,False
2024-04-04,0.0,0.0665395024413733,5232.08,348.14,Investigate,1.0,0.0,0.0,1.0,False
2024-04-05,2.7,0.0693930942715004,5328.34,369.75,Investigate,0.9773333333333334,0.01,0.012666666666666666,0.9773333333333334,False
2024-04-06,1.3,0.0684423783482589,4138.81,283.27,Investigate,1.0,0.0,0.0,1.0,False
2024-04-08,1.4,0.0662459539535518,1841.32,121.98,Investigate,1.0,0.0,0.0,1.0,False
2024-04-09,60.1,0.0720484811965065,2940.52,211.86,Healthy,0.625,0.0,0.625,0.375,True
2024-04-10,47.1,0.0714161274625303,4936.42,352.54,Investigate,0.9666666666666667,0.0,0.03333333333333333,0.9666666666666667,True
2024-04-11,31.6,0.071040491842354,5146.22,365.59,Investigate,0.9840000000000001,0.0,0.016,0.9840000000000001,True
2024-04-12,46.2,0.0714933644795095,5126.21,366.49,Investigate,0.9540000000000001,0.0,0.046,0.9540000000000001,True
2024-04-13,42.1,0.0712446539961408,5017.78,357.49,Investigate,0.99,0.0,0.01,0.99,True
2024-04-14,18.0,0.0704575070822265,4949.65,348.74,Investigate,1.0,0.0,0.0,1.0,False
2024-04-15,9.5,0.0699031552756424,4720.96,330.01,Investigate,0.985,0.015,0.0,0.985,False
2024-04-16,19.1,0.0704288564387113,4701.34,331.11,Investigate,1.0,0.0,0.0,1.0,False
2024-04-17,35.2,0.070954338484152,3393.45,240.78,Investigate,1.0,0.0,0.0,1.0,True
2024-04-18,12.6,0.0699636095151937,4174.17,292.04,Investigate,0.995,0.005,0.0,0.995,False
2024-04-19,4.5,0.0692896848339121,4380.45,303.52,Investigate,0.99,0.01,0.0,0.99,False
2024-04-20,33.4,0.0705855370787601,2267.32,160.04,Investigate,1.0,0.0,0.0,1.0,True
2024-04-21,12.2,0.0698802326065566,4080.41,285.14,Investigate,0.995,0.005,0.0,0.995,False
2024-04-22,4.8,0.0690582332479045,3719.18,256.84,Investigate,0.99,0.01,0.0,0.99,False
2024-04-23,2.0,0.0684509780613802,3394.4,232.35,Investigate,1.0,0.0,0.0,1.0,False
2024-04-24,3.3000000000000003,0.0686236318101187,3696.54,253.67,Investigate,1.0,0.0,0.0,1.0,False
2024-04-25,8.5,0.0697168761582047,4332.38,302.04,Investigate,0.985,0.015,0.0,0.985,False
2024-04-26,2.6,0.0690653561496771,4165.33,287.68,Investigate,0.99,0.01,0.0,0.99,False
2024-04-27,18.6,0.0696382673795353,2318.84,161.48,Investigate,1.0,0.0,0.0,1.0,False
2024-04-28,9.5,0.0695944122301393,3446.11,239.83,Investigate,0.985,0.015,0.0,0.985,False
2024-04-29,8.799999999999999,0.0697702113128445,4030.66,281.22,Investigate,0.985,0.015,0.0,0.985,False
2024-04-30,10.3,0.0695556151080784,3133.32,217.94,Investigate,0.995,0.005,0.0,0.995,False
2024-05-01,3.7,0.0688347038365689,3144.78,216.47,Investigate,0.99,0.01,0.0,0.99,False
2024-05-02,10.0,0.0697829398139907,3781.44,263.88,Investigate,0.985,0.015,0.0,0.985,False
2024-05-03,16.2,0.0694734608660784,2168.31,150.64,Investigate,1.0,0.0,0.0,1.0,False
2024-05-04,38.3,0.0709929241227498,2559.41,181.7,Investigate,1.0,0.0,0.0,1.0,True
2024-05-05,69.0,0.0723665337222809,3869.33,280.01,Healthy,0.985,0.0,0.985,0.015,True
2024-05-06,0.3,0.0657802518001739,2482.66,163.31,Investigate,1.0,0.0,0.0,1.0,False
2024-05-07,31.8,0.0702310577781408,1444.66,101.46,Investigate,1.0,0.0,0.0,1.0,False
2024-05-08,14.8,0.0699941708538374,3808.46,266.57,Investigate,1.0,0.0,0.0,1.0,False
2024-05-09,29.9,0.070809764561528,3864.58,273.65,Investigate,1.0,0.0,0.0,1.0,True
2024-05-10,43.1,0.0710080325632811,1314.64,93.35,Investigate,0.98,0.0,0.02,0.98,True
2024-05-11,30.6,0.0708064441932166,3705.03,262.34,Investigate,1.0,0.0,0.0,1.0,True
2024-05-12,53.0,0.0716419299620142,3652.47,261.67,Investigate,0.97,0.0,0.03,0.97,True
2024-05-13,31.8,0.0708892230166354,3684.34,261.18,Investigate,1.0,0.0,0.0,1.0,True
2024-05-14,23.9,0.070388878060636,3444.01,242.42,Investigate,1.0,0.0,0.0,1.0,False
2024-05-15,15.7,0.0699156295797622,3273.66,228.88,Investigate,1.0,0.0,0.0,1.0,False
2024-05-16,27.500000000000004,0.0707066968679876,3242.55,229.27,Investigate,1.0,0.0,0.0,1.0,True
2024-05-17,26.3,0.0705322245764134,3108.65,219.26,Investigate,1.0,0.0,0.0,1.0,False
2024-05-18,25.1,0.0705954957484108,3354.18,236.79,Investigate,1.0,0.0,0.0,1.0,True
2024-05-19,34.7,0.0709888760185049,3208.39,227.76,Investigate,1.0,0.0,0.0,1.0,True
2024-05-20,42.1,0.0711582110005413,3088.47,219.77,Investigate,1.0,0.0,0.0,1.0,True
2024-05-21,38.3,0.0705258288291758,1340.36,94.53,Investigate,1.0,0.0,0.0,1.0,False
2024-05-22,41.6,0.071184742949964,2495.9,177.67,Investigate,1.0,0.0,0.0,1.0,True
2024-05-23,37.5,0.0709422813957662,2701.21,191.63,Investigate,1.0,0.0,0.0,1.0,True
2024-05-24,34.4,0.0708039285811291,3009.72,213.1,Investigate,1.0,0.0,0.0,1.0,True
2024-05-25,26.8,0.0706080886498398,3128.82,220.92,Investigate,1.0,0.0,0.0,1.0,True
2024-05-26,14.7,0.0698303783584946,3022.61,211.07,Investigate,1.0,0.0,0.0,1.0,False
2024-05-27,24.9,0.0704874644882384,3117.15,219.72,Investigate,1.0,0.0,0.0,1.0,False
2024-05-28,9.8,0.0693743350194807,3017.11,209.31,Investigate,0.99,0.01,0.0,0.99,False
2024-05-29,8.6,0.0693141372055571,2747.78,190.46,Investigate,0.99,0.01,0.0,0.99,False
2024-05-30,40.1,0.0711760296626474,2735.05,194.67,Investigate,1.0,0.0,0.0,1.0,True
2024-05-31,60.8,0.0722880955332185,2498.06,180.58,Healthy,0.905,0.0,0.905,0.095,True
2024-06-01,36.0,0.0709218238579796,3065.77,217.43,Investigate,1.0,0.0,0.0,1.0,True
2024-06-02,49.9,0.0713685163370526,2783.16,198.63,Investigate,1.0,0.0,0.0,1.0,True
2024-06-03,38.6,0.0695607524913987,817.99,56.9,Investigate,1.0,0.0,0.0,1.0,False
2024-06-04,39.900000000000006,0.0708273913885668,1430.52,101.32,Investigate,1.0,0.0,0.0,1.0,True
2024-06-05,37.9,0.070475988014546,1317.47,92.85,Investigate,1.0,0.0,0.0,1.0,False
2024-06-06,42.6,0.0708881578333724,1155.2,81.89,Investigate,1.0,0.0,0.0,1.0,True
2024-06-07,58.3,0.0719576976340397,2882.11,207.39,Investigate,0.755,0.0,0.245,0.755,True
2024-06-08,35.8,0.0709691032766231,3033.01,215.25,Investigate,1.0,0.0,0.0,1.0,True
2024-06-09,39.4,0.070994247051136,3052.36,216.7,Investigate,1.0,0.0,0.0,1.0,True
2024-06-10,19.2,0.0699970955325611,2960.98,207.26,Investigate,1.0,0.0,0.0,1.0,False
2024-06-11,54.0,0.0717252983857753,2282.04,163.68,Investigate,0.97,0.0,0.03,0.97,True
2024-06-12,42.3,0.0713317471384232,2832.82,202.07,Investigate,1.0,0.0,0.0,1.0,True
2024-06-13,28.9,0.070578833098913,2953.01,208.42,Investigate,1.0,0.0,0.0,1.0,True
2024-06-14,37.1,0.0709495533025744,2837.65,201.33,Investigate,1.0,0.0,0.0,1.0,True
2024-06-15,51.9,0.0715671364116505,2958.9,211.76,Investigate,0.99,0.0,0.01,0.99,True
2024-06-16,35.5,0.0708380782573669,2572.91,182.26,Investigate,1.0,0.0,0.0,1.0,True
2024-06-17,52.8,0.0718084446533803,1613.32,115.85,Investigate,0.91,0.0,0.09,0.91,True
2024-06-18,40.5,0.0710220175650162,1120.92,79.61,Investigate,0.98,0.0,0.02,0.98,True
2024-06-19,28.6,0.0705764178370513,2588.4,182.68,Investigate,1.0,0.0,0.0,1.0,True
2024-06-20,44.0,0.0713197489734089,2487.67,177.42,Investigate,1.0,0.0,0.0,1.0,True
2024-06-21,43.6,0.0707313394614412,994.75,70.36,Investigate,1.0,0.0,0.0,1.0,True
2024-06-22,52.3,0.0717878177168655,2348.17,168.57,Investigate,0.93,0.0,0.07,0.93,True
2024-06-23,35.5,0.0709190986316595,2923.19,207.31,Investigate,1.0,0.0,0.0,1.0,True
2024-06-24,42.7,0.0712647325872903,2772.76,197.6,Investigate,1.0,0.0,0.0,1.0,True
2024-06-25,54.2,0.0717652503053441,2917.15,209.35,Investigate,0.96,0.0,0.04,0.96,True
2024-06-26,37.9,0.0709661934886627,2916.6,206.98,Investigate,1.0,0.0,0.0,1.0,True
2024-06-27,10.7,0.0692267643061249,2785.05,192.8,Investigate,1.0,0.0,0.0,1.0,False
2024-06-28,18.3,0.0698763106979779,2644.53,184.79,Investigate,1.0,0.0,0.0,1.0,False
2024-06-29,52.3,0.0717143694558881,2216.85,158.98,Investigate,0.97,0.0,0.03,0.97,True
2024-06-30,34.2,0.0708948028825038,2541.23,180.16,Investigate,1.0,0.0,0.0,1.0,True
2024-07-01,48.0,0.0712933050689457,1615.86,115.2,Investigate,0.98,0.0,0.02,0.98,True
2024-07-02,49.4,0.0716489010987381,1351.87,96.86,Investigate,0.96,0.0,0.04,0.96,True
2024-07-03,47.6,0.0715063142664449,1249.54,89.35,Investigate,0.98,0.0,0.02,0.98,True
2024-07-04,59.8,0.0721057514838895,2230.89,160.86,Investigate,0.505,0.0,0.495,0.505,True
2024-07-05,53.400000000000006,0.0718390035480223,2989.88,214.79,Investigate,0.925,0.0,0.075,0.925,True
2024-07-06,0.4,0.0671558583297171,2762.38,185.51,Investigate,1.0,0.0,0.0,1.0,False
2024-07-07,51.4,0.0718022788511183,934.65,67.11,Investigate,0.91,0.0,0.09,0.91,True
2024-07-08,71.6,0.0736517523347621,1417.21,104.38,Healthy,0.975,0.0,0.975,0.025,True
2024-07-09,36.5,0.0691041628081261,611.83,42.28,Investigate,1.0,0.0,0.0,1.0,False
2024-07-10,52.900000000000006,0.0720078144494748,1085.16,78.14,Investigate,0.74,0.0,0.26,0.74,True
2024-07-11,65.5,0.0727165313413666,1557.28,113.24,Healthy,0.955,0.0,0.955,0.045,True
2024-07-12,78.4,0.0734628431994603,1939.62,142.49,Healthy,0.975,0.0,0.975,0.025,True
2024-07-13,56.49999999999999,0.0722920817170168,1194.46,86.35,Investigate,0.605,0.0,0.395,0.605,True
2024-07-14,79.3,0.0733171192390512,2232.63,163.69,Healthy,0.965,0.0,0.965,0.035,True
2024-07-15,75.3,0.0728158816199441,2932.19,213.51,Healthy,0.965,0.0,0.965,0.035,True
2024-07-16,73.3,0.0731623616050429,1952.37,142.84,Healthy,0.965,0.0,0.965,0.035,True
2024-07-17,77.0,0.0733032791598918,2105.09,154.31,Healthy,0.965,0.0,0.965,0.035,True
2024-07-18,68.10000000000001,0.0727203521464421,1996.69,145.2,Healthy,0.955,0.0,0.955,0.045,True
2024-07-19,76.7,0.0733996234048209,2039.52,149.7,Healthy,0.965,0.0,0.965,0.035,True
2024-07-20,77.5,0.0728584863781058,3126.06,227.76,Healthy,0.965,0.0,0.965,0.035,True
2024-07-21,82.19999999999999,0.0732030299711216,3050.83,223.33,Healthy,0.965,0.0,0.965,0.035,True
2024-07-22,77.7,0.072793348042565,3439.6,250.38,Healthy,0.965,0.0,0.965,0.035,True
2024-07-23,78.7,0.0729779393330744,3031.19,221.21,Healthy,0.965,0.0,0.965,0.035,True
2024-07-24,38.7,0.0700443560794524,886.01,62.06,Investigate,1.0,0.0,0.0,1.0,False
2024-07-25,77.60000000000001,0.0726586115692099,3437.17,249.74,Healthy,0.965,0.0,0.965,0.035,True
2024-07-26,75.8,0.0727487300616421,3397.86,247.19,Healthy,0.965,0.0,0.965,0.035,True
2024-07-27,47.0,0.0710200850192736,1010.7,71.78,Investigate,0.98,0.0,0.02,0.98,True
2024-07-28,85.3,0.0737459722939813,2340.06,172.57,Healthy,0.965,0.0,0.965,0.035,True
2024-07-29,82.3,0.0733528172633546,2326.7,170.67,Healthy,0.965,0.0,0.965,0.035,True
2024-07-30,91.4,0.0737854370780039,3120.67,230.26,Healthy,0.965,0.0,0.965,0.035,True
2024-07-31,85.7,0.0732705390216682,3692.48,270.55,Healthy,0.965,0.0,0.965,0.035,True
2024-08-01,64.0,0.0720926979317404,3502.99,252.54,Healthy,0.845,0.0,0.845,0.155,True
2024-08-02,81.89999999999999,0.0732248272659208,2984.78,218.56,Healthy,0.965,0.0,0.965,0.035,True
2024-08-03,73.5,0.0724175012444664,3859.15,279.47,Healthy,0.985,0.0,0.985,0.015,True
2024-08-04,84.39999999999999,0.0733971476032531,2801.88,205.65,Healthy,0.965,0.0,0.965,0.035,True
2024-08-05,79.10000000000001,0.0735667052290655,2089.94,153.75,Healthy,0.965,0.0,0.965,0.035,True
2024-08-06,67.5,0.0722496372129244,3783.41,273.35,Healthy,0.945,0.0,0.945,0.055,True
2024-08-07,56.99999999999999,0.071891933357313,3257.25,234.17,Investigate,0.765,0.0,0.235,0.765,True
2024-08-08,46.2,0.0711757302970552,1104.59,78.62,Investigate,0.98,0.0,0.02,0.98,True
2024-08-09,83.6,0.0733738615127219,3143.49,230.65,Healthy,0.965,0.0,0.965,0.035,True
2024-08-10,28.6,0.0660809696393297,473.51,31.29,Investigate,1.0,0.0,0.0,1.0,False
2024-08-11,76.9,0.0727955223136389,2983.7,217.2,Healthy,0.965,0.0,0.965,0.035,True
2024-08-12,0.0,0.0095093257790394,3432.42,32.64,Investigate,1.0,0.0,0.0,1.0,False
2024-08-13,0.0,0.0509366286614429,1427.46,72.71,Investigate,1.0,0.0,0.0,1.0,False
2024-08-14,73.4,0.072699665687785,2515.83,182.9,Healthy,0.965,0.0,0.965,0.035,True
2024-08-15,66.60000000000001,0.0721332819698581,4362.48,314.68,Healthy,0.89,0.0,0.89,0.11,True
2024-08-16,49.4,0.0715784057002245,4314.29,308.81,Investigate,0.98,0.0,0.02,0.98,True
2024-08-17,75.3,0.0731744115537506,2187.24,160.05,Healthy,0.965,0.0,0.965,0.035,True
2024-08-18,81.10000000000001,0.0727606643520829,3980.31,289.61,Healthy,0.985,0.0,0.985,0.015,True
2024-08-19,49.4,0.0716090833849173,4443.71,318.21,Investigate,0.97,0.0,0.03,0.97,True
2024-08-20,47.8,0.0714334717964621,3935.55,281.13,Investigate,0.98,0.0,0.02,0.98,True
2024-08-21,78.8,0.0726698472935575,3745.57,272.19,Healthy,0.965,0.0,0.965,0.035,True
2024-08-22,51.6,0.0717005776150025,4440.55,318.39,Investigate,0.94,0.0,0.06,0.94,True
2024-08-23,55.8,0.0717438092180735,4502.27,323.01,Investigate,0.9266666666666667,0.0,0.07333333333333333,0.9266666666666667,True
2024-08-24,77.3,0.0727609667609897,3448.14,250.89,Healthy,0.965,0.0,0.965,0.035,True
2024-08-25,82.6,0.0732577963142972,2750.97,201.53,Healthy,0.965,0.0,0.965,0.035,True
2024-08-26,66.0,0.0723564848328756,1995.26,144.37,Healthy,0.935,0.0,0.935,0.065,True
2024-08-27,76.0,0.0732154718342366,1957.1,143.29,Healthy,0.965,0.0,0.965,0.035,True
2024-08-28,88.4,0.073350780596555,3878.35,284.48,Healthy,0.985,0.0,0.985,0.015,True
2024-08-29,45.2,0.0714562630800021,4978.29,355.73,Investigate,0.9766666666666667,0.0,0.023333333333333334,0.9766666666666667,True
2024-08-30,39.900000000000006,0.0712767531903976,5067.15,361.17,Investigate,0.9840000000000001,0.0,0.016,0.9840000000000001,True
2024-08-31,41.2,0.0712616027363755,4996.66,356.07,Investigate,0.9966666666666667,0.0,0.003333333333333333,0.9966666666666667,True
2024-09-01,77.60000000000001,0.0725100123558685,5036.27,365.18,Healthy,0.976,0.0,0.976,0.024,True
2024-09-02,1.7999999999999998,0.0688757580586434,4752.18,327.31,Investigate,0.99,0.01,0.0,0.99,False
2024-09-03,75.4,0.072575094436904,3443.33,249.9,Healthy,0.965,0.0,0.965,0.035,True
2024-09-04,68.89999999999999,0.0726505827399745,2453.8,178.27,Healthy,0.965,0.0,0.965,0.035,True
2024-09-05,33.0,0.071071306457744,5060.27,359.64,Investigate,0.99,0.0,0.01,0.99,True
2024-09-06,46.8,0.0715606592311648,5310.32,380.01,Investigate,0.9440000000000001,0.0,0.055999999999999994,0.9440000000000001,True
2024-09-07,50.0,0.0716477773252772,5265.76,377.28,Investigate,0.914,0.0,0.086,0.914,True
2024-09-08,84.2,0.0729176965295127,4450.36,324.51,Healthy,0.99,0.0,0.99,0.01,True
2024-09-09,52.1,0.0716617750005319,5335.62,382.36,Investigate,0.914,0.0,0.086,0.914,True
2024-09-10,30.1,0.0709601638841866,5491.25,389.66,Investigate,0.9840000000000001,0.0,0.016,0.9840000000000001,True
2024-09-11,0.0,0.0655841768060602,5466.41,358.51,Investigate,0.9933333333333333,0.0,0.006666666666666666,0.9933333333333333,False
2024-09-12,22.6,0.0705548971521441,4573.46,322.68,Investigate,1.0,0.0,0.0,1.0,False
2024-09-13,16.2,0.0704058613722841,4738.81,333.64,Investigate,1.0,0.0,0.0,1.0,False
2024-09-14,14.099999999999998,0.070407909384042,5546.82,390.54,Investigate,0.9873333333333334,0.0,0.012666666666666666,0.9873333333333334,False
2024-09-15,65.7,0.0721743974767193,3338.58,240.96,Healthy,0.915,0.0,0.915,0.085,True
2024-09-16,20.5,0.0705848960991107,5848.56,412.82,Investigate,0.9768571428571429,0.0,0.023142857142857142,0.9768571428571429,True
2024-09-17,3.3000000000000003,0.0693271181260143,5826.58,403.94,Investigate,0.9668571428571429,0.01,0.023142857142857142,0.9668571428571429,False
2024-09-18,48.9,0.0714846370422652,2280.49,163.02,Investigate,1.0,0.0,0.0,1.0,True
2024-09-19,80.0,0.0726455609316862,5763.05,418.66,Healthy,0.9564761904761905,0.0,0.9564761904761905,0.04352380952380952,True
2024-09-20,64.8,0.0719047390096582,6034.79,433.93,Healthy,0.7864761904761904,0.0,0.7864761904761904,0.21352380952380956,True
2024-09-21,24.0,0.0707583889076904,6076.17,429.94,Investigate,0.9806666666666666,0.01,0.009333333333333334,0.9806666666666666,True
2024-09-22,12.9,0.0703061547447265,5811.44,408.58,Investigate,0.9768571428571429,0.0,0.023142857142857142,0.9768571428571429,False
2024-09-23,2.0,0.0691262539873709,5766.55,398.62,Investigate,0.9668571428571429,0.01,0.023142857142857142,0.9668571428571429,False
2024-09-24,59.8,0.0720478372067879,3219.25,231.94,Investigate,0.525,0.0,0.475,0.525,True
2024-09-25,77.8,0.0730012126067309,2795.57,204.08,Healthy,0.965,0.0,0.965,0.035,True
2024-09-26,23.9,0.0707098115845135,5712.22,403.91,Investigate,0.9840000000000001,0.0,0.016,0.9840000000000001,True
2024-09-27,43.9,0.0714487723190761,4278.45,305.69,Investigate,0.99,0.0,0.01,0.99,True
2024-09-28,46.0,0.0712440808769545,1347.34,95.99,Investigate,0.98,0.0,0.02,0.98,True
2024-09-29,41.8,0.071392979031942,4816.44,343.86,Investigate,0.9966666666666667,0.0,0.003333333333333333,0.9966666666666667,True
2024-09-30,0.0,0.0205531996461411,4692.7,96.45,Investigate,1.0,0.0,0.0,1.0,False
2024-10-01,0.0,0.0261001801146926,5240.96,136.79,Investigate,1.0,0.0,0.0,1.0,False
2024-10-02,51.9,0.0716820889716817,5522.3,395.85,Investigate,0.914,0.0,0.086,0.914,True
2024-10-03,7.199999999999999,0.0699145239864246,6643.97,464.51,Investigate,0.7354999999999999,0.25849999999999995,0.006,0.7354999999999999,False
2024-10-04,0.0,0.0676599262644129,6301.81,426.38,Investigate,0.9906666666666666,0.0,0.009333333333333334,0.9906666666666666,False
2024-10-05,1.0,0.0688776125921759,6213.63,427.98,Investigate,0.9706666666666667,0.02,0.009333333333333334,0.9706666666666667,False
2024-10-06,2.4,0.0693095981266927,5938.86,411.62,Investigate,0.9668571428571429,0.01,0.023142857142857142,0.9668571428571429,False
2024-10-07,0.6,0.0689303393637015,6244.13,430.41,Investigate,0.9706666666666667,0.02,0.009333333333333334,0.9706666666666667,False
2024-10-08,1.3,0.0687759025879948,5419.34,372.72,Investigate,0.9773333333333334,0.01,0.012666666666666666,0.9773333333333334,False
2024-10-09,30.0,0.0702029793341952,1821.86,127.9,Investigate,1.0,0.0,0.0,1.0,False
2024-10-10,42.0,0.0713057975436395,4066.71,289.98,Investigate,1.0,0.0,0.0,1.0,True
2024-10-11,0.4,0.0687951461142052,6790.45,467.15,Investigate,0.7906666666666666,0.2033333333333333,0.006,0.7906666666666666,False
2024-10-12,3.2,0.0694348381062524,5161.53,358.39,Investigate,0.9833333333333333,0.01,0.006666666666666666,0.9833333333333333,False
2024-10-13,0.4,0.0686835736147576,5689.57,390.78,Investigate,0.9715,0.0125,0.016,0.9715,False
2024-10-14,9.0,0.0700740320437783,6980.76,489.17,Cloudy,0.8160000000000001,0.8160000000000001,0.0,0.184,False
2024-10-15,0.3,0.0685808097935644,7272.88,498.78,Investigate,0.7583333333333334,0.24166666666666667,0.0,0.7583333333333334,False
2024-10-16,0.0,0.0674571782251815,6977.76,470.7,Investigate,0.9008333333333333,0.09916666666666667,0.0,0.9008333333333333,False
2024-10-17,0.0,0.0670375510282353,4993.47,334.75,Investigate,1.0,0.0,0.0,1.0,False
2024-10-18,0.8,0.0690331236555725,6931.6,478.51,Cloudy,0.6166666666666667,0.6166666666666667,0.0,0.38333333333333336,False
2024-10-19,1.7000000000000002,0.0693072308569926,7256.53,502.93,Cloudy,0.9716666666666666,0.9716666666666666,0.0,0.028333333333333332,False
2024-10-20,0.8999999999999999,0.0693779217292758,7313.71,507.41,Cloudy,0.9008333333333333,0.9008333333333333,0.0,0.09916666666666667,False
2024-10-21,0.0,0.0666240430305365,7241.68,482.47,Investigate,0.9133333333333333,0.08666666666666668,0.0,0.9133333333333333,False
2024-10-22,0.0,0.0673710065535175,7295.72,491.52,Investigate,0.8866666666666667,0.11333333333333334,0.0,0.8866666666666667,False
2024-10-23,0.0,0.0649174122651671,7312.83,474.73,Investigate,0.9533333333333333,0.04666666666666666,0.0,0.9533333333333333,False
2024-10-24,0.0,0.0667518511235981,6753.97,450.84,Investigate,0.9790000000000001,0.015,0.006,0.9790000000000001,False
2024-10-25,0.3,0.0687006922441022,7261.79,498.89,Cloudy,0.6299999999999999,0.6299999999999999,0.0,0.37,False
2024-10-26,0.0,0.067518384843403,6542.07,441.71,Investigate,0.9806666666666666,0.01,0.009333333333333334,0.9806666666666666,False
2024-10-27,0.1,0.0673471676237853,4101.88,276.25,Investigate,1.0,0.0,0.0,1.0,False
2024-10-28,0.0,0.0660539287018417,6175.56,407.92,Investigate,0.9906666666666666,0.0,0.009333333333333334,0.9906666666666666,False
2024-10-29,0.1,0.0685169169257508,7654.46,524.46,Investigate,0.8233333333333335,0.17666666666666664,0.0,0.8233333333333335,False
2024-10-30,5.0,0.0698880080126439,7898.78,552.03,Cloudy,0.9358333333333333,0.9358333333333333,0.0,0.06416666666666666,False
2024-10-31,0.1,0.0675615378805201,7530.32,508.76,Investigate,0.84,0.16,0.0,0.84,False
2024-11-01,0.0,0.0683453605783907,7810.04,533.78,Investigate,0.8533333333333334,0.14666666666666667,0.0,0.8533333333333334,False
2024-11-02,0.0,0.0683340620801145,6861.0,468.84,Investigate,0.8848333333333334,0.10916666666666666,0.006,0.8848333333333334,False
2024-11-03,0.0,0.0680482944065856,7140.37,485.89,Investigate,0.95,0.05,0.0,0.95,False
2024-11-04,26.9,0.0708345946173287,4492.72,318.24,Investigate,0.9966666666666667,0.0,0.003333333333333333,0.9966666666666667,True
2024-11-05,0.2,0.0688970467561219,7926.9,546.14,Cloudy,0.5,0.5,0.0,0.5,False
2024-11-06,0.7000000000000001,0.0688184295368476,8003.67,550.8,Cloudy,0.6008333333333333,0.6008333333333333,0.0,0.39916666666666667,False
2024-11-07,0.0,0.068415018357507,7614.41,520.94,Investigate,0.8266666666666667,0.17333333333333337,0.0,0.8266666666666667,False
2024-11-08,21.7,0.0705811193319911,5240.92,369.91,Investigate,0.9873333333333334,0.0,0.012666666666666666,0.9873333333333334,True
2024-11-09,0.2,0.0688697907262306,8159.02,561.91,Investigate,0.545,0.455,0.0,0.545,False
2024-11-10,13.1,0.0702847038398505,5610.04,394.3,Investigate,0.9840000000000001,0.0,0.016,0.9840000000000001,False
2024-11-11,0.0,0.0678291967972165,8181.58,554.95,Investigate,0.96,0.04,0.0,0.96,False
2024-11-12,0.0,0.0666242959169355,8118.81,540.91,Investigate,0.945,0.055,0.0,0.945,False
2024-11-13,0.2,0.0686868320215943,8266.65,567.81,Investigate,0.6933333333333335,0.3066666666666667,0.0,0.6933333333333335,False
2024-11-14,0.0,0.0680043770737629,8270.35,562.42,Investigate,0.96,0.04,0.0,0.96,False
2024-11-15,0.0,0.0679404964572918,8408.24,571.26,Investigate,0.96,0.04,0.0,0.96,False
2024-11-16,0.0,0.0677274901320477,8425.53,570.64,Investigate,0.96,0.04,0.0,0.96,False
2024-11-17,0.0,0.0662569765982357,8421.0,557.95,Investigate,0.96,0.04,0.0,0.96,False
2024-11-18,0.0,0.0674075610148589,8101.02,546.07,Investigate,0.915,0.085,0.0,0.915,False
2024-11-19,0.0,0.0675188202399686,7177.11,484.59,Investigate,0.945,0.055,0.0,0.945,False
2024-11-20,0.0,0.0652479277477561,6542.43,426.88,Investigate,0.9806666666666666,0.01,0.009333333333333334,0.9806666666666666,False
2024-11-21,0.0,0.0669433810403512,8403.37,562.55,Investigate,0.96,0.04,0.0,0.96,False
2024-11-22,0.0,0.0664147256907203,7083.67,470.46,Investigate,0.9616666666666667,0.03833333333333333,0.0,0.9616666666666667,False
2024-11-23,0.0,0.0666009345517438,8478.86,564.7,Investigate,0.96,0.04,0.0,0.96,False
2024-11-24,0.0,0.0659112292825396,8555.75,563.92,Investigate,0.96,0.04,0.0,0.96,False
2024-11-25,0.0,0.067368314911158,6149.33,414.27,Investigate,0.9906666666666666,0.0,0.009333333333333334,0.9906666666666666,False
2024-11-26,0.0,0.0681644191538237,5355.58,365.06,Investigate,0.9873333333333334,0.0,0.012666666666666666,0.9873333333333334,False
2024-11-27,0.0,0.0596013748145218,7640.26,455.37,Investigate,0.96,0.039999999999999994,0.0,0.96,False
2024-11-28,0.0,0.0674149022944033,8684.43,585.46,Investigate,0.96,0.04,0.0,0.96,False
2024-11-29,0.0,0.0669468898343346,8771.58,587.23,Investigate,0.96,0.04,0.0,0.96,False
2024-11-30,0.0,0.0673405374769871,8808.81,593.19,Investigate,0.96,0.04,0.0,0.96,False
2024-12-01,0.0,0.0672129721456634,8392.13,564.06,Investigate,0.96,0.04,0.0,0.96,False
2024-12-02,0.0,0.0672386889935217,8568.43,576.13,Investigate,0.96,0.04,0.0,0.96,False
2024-12-03,0.0,0.0671733762263023,6694.17,449.67,Investigate,0.9790000000000001,0.015,0.006,0.9790000000000001,False
2024-12-04,0.0,0.067269470428843,8279.09,556.93,Investigate,0.96,0.04,0.0,0.96,False
2024-12-05,0.0,0.0665593081406176,7849.09,522.43,Investigate,0.86,0.14,0.0,0.86,False
2024-12-06,15.6,0.0692268599026772,2262.85,156.65,Investigate,1.0,0.0,0.0,1.0,False
2024-12-07,0.0,0.0665304599562326,8443.05,561.72,Investigate,0.96,0.04,0.0,0.96,False
2024-12-08,0.0,0.0660210262250163,8931.7,589.68,Investigate,0.96,0.04,0.0,0.96,False
2024-12-09,0.0,0.0663363088092029,8838.9,586.34,Investigate,0.96,0.04,0.0,0.96,False
2024-12-10,0.0,0.0660946286182817,8541.39,564.54,Investigate,0.96,0.04,0.0,0.96,False
2024-12-11,0.0,0.0635908495845753,7502.18,477.07,Investigate,0.9533333333333333,0.04666666666666666,0.0,0.9533333333333333,False
2024-12-12,0.0,0.0646864036245297,7208.47,466.29,Investigate,0.965,0.034999999999999996,0.0,0.965,False
2024-12-13,0.0,0.0647877527097979,7619.65,493.66,Investigate,0.9083333333333333,0.09166666666666667,0.0,0.9083333333333333,False
2024-12-14,0.0,0.065907856668487,9022.9,594.68,Investigate,0.96,0.04,0.0,0.96,False
2024-12-15,56.00000000000001,0.0717895586459123,3716.0,266.77,Investigate,0.915,0.0,0.085,0.915,True
2024-12-16,0.0,0.0657113340926689,6621.08,435.08,Investigate,0.9806666666666666,0.01,0.009333333333333334,0.9806666666666666,False
2024-12-17,0.0,0.0645090715615054,8273.1,533.69,Investigate,0.995,0.005,0.0,0.995,False
2024-12-18,0.0,0.0671536051333477,9019.62,605.7,Investigate,0.96,0.04,0.0,0.96,False
2024-12-19,0.0,0.0672811737664507,8974.13,603.79,Investigate,0.96,0.04,0.0,0.96,False
2024-12-20,0.0,0.0624073309765834,8747.53,545.91,Investigate,0.995,0.005,0.0,0.995,False
2024-12-21,0.0,0.0676423970969922,8946.46,605.16,Investigate,0.96,0.04,0.0,0.96,False
2024-12-22,0.1,0.0674425998912406,8932.04,602.4,Investigate,0.96,0.04,0.0,0.96,False
2024-12-23,0.0,0.0676931278065837,8816.7,596.83,Investigate,0.96,0.04,0.0,0.96,False
2024-12-24,0.0,0.0671985076581093,8973.86,603.03,Investigate,0.96,0.04,0.0,0.96,False
2024-12-25,0.0,0.0662934286740985,8927.28,591.82,Investigate,0.96,0.04,0.0,0.96,False
2024-12-26,0.0,0.0667476610697763,8387.41,559.84,Investigate,0.96,0.04,0.0,0.96,False
2024-12-27,0.0,0.0644945844315318,6827.55,440.34,Investigate,0.9358333333333334,0.060833333333333336,0.003333333333333333,0.9358333333333334,False
2024-12-28,0.0,0.0667766437904916,8704.84,581.28,Investigate,0.96,0.04,0.0,0.96,False
2024-12-29,0.0,0.0670258849723339,5831.18,390.84,Investigate,0.9768571428571429,0.0,0.023142857142857142,0.9768571428571429,False
2024-12-30,24.5,0.0708106429956444,5347.36,378.65,Investigate,0.9840000000000001,0.0,0.016,0.9840000000000001,True
2024-12-31,0.0,0.066489349684748,8857.96,588.96,Investigate,0.96,0.04,0.0,0.96,False
2025-01-01,0.0,0.0666173617799488,8964.63,597.2,Investigate,0.96,0.04,0.0,0.96,False
2025-01-02,0.0,0.0669749556514345,8857.49,593.23,Investigate,0.96,0.04,0.0,0.96,False
2025-01-03,0.0,0.0662880010252181,8831.01,585.39,Investigate,0.96,0.04,0.0,0.96,False
2025-01-04,0.0,0.0668512528457456,8845.01,591.3,Investigate,0.96,0.04,0.0,0.96,False
2025-01-05,0.0,0.0658455742472092,6890.82,453.73,Investigate,0.9015,0.0925,0.006,0.9015,False
2025-01-06,0.0,0.066725692110819,8911.41,594.62,Investigate,0.96,0.04,0.0,0.96,False
2025-01-07,0.0,0.0661197391523719,8639.78,571.26,Investigate,0.96,0.04,0.0,0.96,False
2025-01-08,0.0,0.0665299856908628,8579.59,570.8,Investigate,0.96,0.04,0.0,0.96,False
2025-01-09,0.0,0.0662847497214866,7535.67,499.5,Investigate,0.8433333333333334,0.15666666666666665,0.0,0.8433333333333334,False
2025-01-10,0.0,0.0657929074301807,8430.24,554.65,Investigate,0.96,0.04,0.0,0.96,False
2025-01-11,0.0,0.066679691981763,8701.0,580.18,Investigate,0.96,0.04,0.0,0.96,False
2025-01-12,0.0,0.0666288364023867,8405.97,560.08,Investigate,0.96,0.04,0.0,0.96,False
2025-01-13,0.0,0.0657602525265876,8622.99,567.05,Investigate,0.96,0.04,0.0,0.96,False
2025-01-14,0.0,0.0666257734404223,5966.76,397.54,Investigate,0.9768571428571429,0.0,0.023142857142857142,0.9768571428571429,False
2025-01-15,0.0,0.0656730376439777,8447.15,554.75,Investigate,0.96,0.04,0.0,0.96,False
2025-01-16,0.0,0.0672406097829315,8446.83,567.97,Investigate,0.96,0.04,0.0,0.96,False
2025-01-17,0.0,0.0654408827594709,8687.23,568.5,Investigate,0.99,0.01,0.0,0.99,False
2025-01-18,0.0,0.0657387820455323,8646.19,568.39,Investigate,0.96,0.04,0.0,0.96,False
2025-01-19,0.0,0.0662504810690353,8470.58,561.18,Investigate,0.96,0.04,0.0,0.96,False
2025-01-20,0.0,0.0665478479558205,8534.01,567.92,Investigate,0.96,0.04,0.0,0.96,False
2025-01-21,0.0,0.0657978917154054,8424.89,554.34,Investigate,0.96,0.04,0.0,0.96,False
2025-01-22,0.0,0.0636357985210697,8365.26,532.33,Investigate,0.995,0.005,0.0,0.995,False
2025-01-23,0.0,0.0663281740962077,5743.11,380.93,Investigate,0.9768571428571429,0.0,0.023142857142857142,0.9768571428571429,False
2025-01-24,0.0,0.0650145866376153,8075.88,525.05,Investigate,0.95,0.05,0.0,0.95,False
2025-01-25,0.0,0.0644432526076021,8166.72,526.29,Investigate,0.995,0.005,0.0,0.995,False
2025-01-26,0.0,0.066284174001155,8169.22,541.49,Investigate,0.96,0.04,0.0,0.96,False
2025-01-27,0.0,0.0671313026085968,8108.14,544.31,Investigate,0.945,0.055,0.0,0.945,False
2025-01-28,0.0,0.065321386980926,7979.01,521.2,Investigate,0.945,0.055,0.0,0.945,False
2025-01-29,0.0,0.0665202183844204,7970.96,530.23,Investigate,0.915,0.085,0.0,0.915,False
2025-01-30,0.0,0.0646404634940408,5295.29,342.29,Investigate,1.0,0.0,0.0,1.0,False
2025-01-31,0.0,0.0645406832443682,7514.64,485.0,Investigate,0.9566666666666667,0.04333333333333333,0.0,0.9566666666666667,False
2025-02-01,0.0,0.0640182077116408,7658.29,490.27,Investigate,0.9166666666666667,0.08333333333333334,0.0,0.9166666666666667,False
2025-02-02,0.0,0.0649518052315822,7874.3,511.45,Investigate,0.895,0.105,0.0,0.895,False
2025-02-03,0.0,0.0637669393538041,8006.5,510.55,Investigate,0.95,0.05,0.0,0.95,False
2025-02-04,0.0,0.0644468919188663,7980.99,514.35,Investigate,0.95,0.05,0.0,0.95,False
2025-02-05,0.0,0.0624567228871893,7553.07,471.74,Investigate,0.9533333333333333,0.04666666666666666,0.0,0.9533333333333333,False
2025-02-06,0.0,0.065582145763748,7927.31,519.89,Investigate,0.925,0.075,0.0,0.925,False
2025-02-07,0.0,0.0629011816659781,7795.72,490.36,Investigate,0.9166666666666667,0.08333333333333334,0.0,0.9166666666666667,False
2025-02-08,0.0,0.0646664410881781,7891.11,510.29,Investigate,0.895,0.105,0.0,0.895,False
2025-02-09,0.0,0.0656229533436883,7832.93,514.02,Investigate,0.8633333333333334,0.13666666666666666,0.0,0.8633333333333334,False
2025-02-10,0.0,0.0650749880656328,7735.23,503.37,Investigate,0.855,0.145,0.0,0.855,False
2025-02-11,0.0,0.0645772891453431,7858.8,507.5,Investigate,0.8916666666666666,0.10833333333333332,0.0,0.8916666666666666,False
2025-02-12,0.0,0.0636308841347427,7615.17,484.56,Investigate,0.9566666666666667,0.04333333333333333,0.0,0.9566666666666667,False
2025-02-13,0.0,0.0635523447504231,7651.96,486.3,Investigate,0.9566666666666667,0.04333333333333333,0.0,0.9566666666666667,False
2025-02-14,0.0,0.0632468316151181,7622.2,482.08,Investigate,0.9533333333333333,0.04666666666666666,0.0,0.9533333333333333,False
2025-02-15,0.0,0.0630378093795369,7520.09,474.05,Investigate,0.9533333333333333,0.04666666666666666,0.0,0.9533333333333333,False
2025-02-16,0.0,0.0631553330926322,7602.05,480.11,Investigate,0.9533333333333333,0.04666666666666666,0.0,0.9533333333333333,False
2025-02-17,0.0,0.0626411127954283,7516.15,470.82,Investigate,0.9533333333333333,0.04666666666666666,0.0,0.9533333333333333,False
2025-02-18,0.0,0.0348576398378411,7427.64,258.91,Investigate,0.9733333333333333,0.026666666666666665,0.0,0.9733333333333333,False
2025-02-19,0.0,0.0613749659759353,6908.68,424.02,Investigate,0.8991666666666667,0.0975,0.003333333333333333,0.8991666666666667,False
2025-02-20,0.0,0.0618048435261926,6671.16,412.31,Investigate,0.9866666666666667,0.01,0.003333333333333333,0.9866666666666667,False
2025-02-21,0.0,0.0614091710609074,6475.58,397.66,Investigate,0.9966666666666667,0.0,0.003333333333333333,0.9966666666666667,False
2025-02-22,0.0,0.0625861373403887,7139.76,446.85,Investigate,0.9766666666666667,0.02,0.003333333333333333,0.9766666666666667,False
2025-02-23,0.0,0.0628534123346767,6969.55,438.06,Investigate,0.8991666666666667,0.0975,0.003333333333333333,0.8991666666666667,False
2025-02-24,0.0,0.0632265605390221,7083.89,447.89,Investigate,0.9866666666666667,0.01,0.003333333333333333,0.9866666666666667,False
2025-02-25,0.0,0.0638439454076522,6882.72,439.42,Investigate,0.9091666666666667,0.0875,0.003333333333333333,0.9091666666666667,False
2025-02-26,0.0,0.0578371963435764,6985.47,404.02,Investigate,0.9291666666666667,0.0675,0.003333333333333333,0.9291666666666667,False
2025-02-27,0.0,0.0602404455793106,6741.65,406.12,Investigate,0.9866666666666667,0.01,0.003333333333333333,0.9866666666666667,False
2025-02-28,0.0,0.0576397740322557,6739.27,388.45,Investigate,0.9866666666666667,0.01,0.003333333333333333,0.9866666666666667,False
2025-03-01,0.0,0.0602413862927458,6559.61,395.16,Investigate,0.9866666666666667,0.01,0.003333333333333333,0.9866666666666667,False
2025-03-02,0.0,0.0591549501429127,6845.75,404.96,Investigate,0.9141666666666667,0.0825,0.003333333333333333,0.9141666666666667,False
2025-03-03,0.0,0.0592573389978579,6712.08,397.74,Investigate,0.9866666666666667,0.01,0.003333333333333333,0.9866666666666667,False
2025-03-04,0.0,0.0598560306252033,5995.72,358.88,Investigate,0.9828571428571429,0.0,0.017142857142857144,0.9828571428571429,False
2025-03-05,0.0,0.0592198152932813,6537.17,387.13,Investigate,0.9866666666666667,0.01,0.003333333333333333,0.9866666666666667,False
2025-03-06,0.0,0.0599126142362321,6632.66,397.38,Investigate,0.9866666666666667,0.01,0.003333333333333333,0.9866666666666667,False
2025-03-07,0.0,0.0599102500428329,6714.21,402.25,Investigate,0.9866666666666667,0.01,0.003333333333333333,0.9866666666666667,False
2025-03-08,0.0,0.0602337611908353,6707.7,404.03,Investigate,0.9866666666666667,0.01,0.003333333333333333,0.9866666666666667,False
2025-03-09,0.0,0.0605202541018435,6134.31,371.25,Investigate,0.9966666666666667,0.0,0.003333333333333333,0.9966666666666667,False
2025-03-10,0.0,0.0612424048027171,6550.2,401.15,Investigate,0.9866666666666667,0.01,0.003333333333333333,0.9866666666666667,False
2025-03-11,0.0,0.0613403358849856,6477.63,397.34,Investigate,0.9966666666666667,0.0,0.003333333333333333,0.9966666666666667,False
2025-03-12,0.0,0.0613102041223761,6509.52,399.1,Investigate,0.9866666666666667,0.01,0.003333333333333333,0.9866666666666667,False
2025-03-13,0.0,0.0603568881562877,6240.05,376.63,Investigate,0.9966666666666667,0.0,0.003333333333333333,0.9966666666666667,False
2025-03-14,0.0,0.0597695851632518,5771.33,344.95,Investigate,0.9895238095238096,0.0,0.010476190476190477,0.9895238095238096,False
2025-03-15,0.0,0.0602309466652042,4534.38,273.11,Investigate,1.0,0.0,0.0,1.0,False
2025-03-16,0.0,0.05948710032522,5960.62,354.58,Investigate,0.9895238095238096,0.0,0.010476190476190477,0.9895238095238096,False
2025-03-17,0.0,0.0603788254738726,6225.03,375.86,Investigate,0.9966666666666667,0.0,0.003333333333333333,0.9966666666666667,False
2025-03-18,0.0,0.0583552206226048,6110.85,356.6,Investigate,0.9966666666666667,0.0,0.003333333333333333,0.9966666666666667,False
2025-03-19,0.0,0.0579319333963161,5907.45,342.23,Investigate,0.9895238095238096,0.0,0.010476190476190477,0.9895238095238096,False
2025-03-20,0.0,0.0598805073920761,2458.73,147.23,Investigate,1.0,0.0,0.0,1.0,False
2025-03-21,0.0,0.0603306871932861,2584.92,155.95,Investigate,1.0,0.0,0.0,1.0,False
2025-03-22,0.0,0.061214380522309,1958.2,119.87,Investigate,1.0,0.0,0.0,1.0,False
2025-03-23,0.6,0.0668101411261415,2327.94,155.53,Investigate,1.0,0.0,0.0,1.0,False
2025-03-24,0.0,0.0656477509246455,5517.63,362.22,Investigate,0.9873333333333334,0.0,0.012666666666666666,0.9873333333333334,False
2025-03-25,0.0,0.0669579940459307,5073.33,339.7,Investigate,1.0,0.0,0.0,1.0,False
2025-03-26,0.0,0.0665573058530043,5803.42,386.26,Investigate,0.9768571428571429,0.0,0.023142857142857142,0.9768571428571429,False
2025-03-27,0.0,0.0657881465755127,5750.58,378.32,Investigate,0.9768571428571429,0.0,0.023142857142857142,0.9768571428571429,False
2025-03-28,0.0,0.0651071096148924,5610.14,365.26,Investigate,0.9840000000000001,0.0,0.016,0.9840000000000001,False
2025-03-29,0.0,0.065605812441873,4451.13,292.02,Investigate,1.0,0.0,0.0,1.0,False
2025-03-30,0.0,0.0670816229293383,4855.13,325.69,Investigate,1.0,0.0,0.0,1.0,False
2025-03-31,0.0,0.0608785332776104,5303.84,322.89,Investigate,1.0,0.0,0.0,1.0,False
2025-04-01,0.0,0.0662243504989623,5362.68,355.14,Investigate,1.0,0.0,0.0,1.0,False
2025-04-02,0.0,0.0667234368713853,5425.38,362.0,Investigate,0.9873333333333334,0.0,0.012666666666666666,0.9873333333333334,False
2025-04-03,0.0,0.0649345237746772,5279.78,342.84,Investigate,1.0,0.0,0.0,1.0,False
2025-04-04,0.0,0.0646868132598446,5133.04,332.04,Investigate,1.0,0.0,0.0,1.0,False
2025-04-05,0.0,0.0655461736382198,3374.11,221.16,Investigate,1.0,0.0,0.0,1.0,False
2025-04-06,0.0,0.0644370782100466,4292.87,276.62,Investigate,1.0,0.0,0.0,1.0,False
2025-04-07,0.0,0.0657833160080904,3611.25,237.56,Investigate,1.0,0.0,0.0,1.0,False
2025-04-08,26.6,0.0678086307635429,831.9,56.41,Investigate,1.0,0.0,0.0,1.0,False
2025-04-09,3.5000000000000004,0.0688077316537828,3859.45,265.56,Investigate,0.99,0.01,0.0,0.99,False
2025-04-10,0.4,0.0683638362272014,4912.1,335.81,Investigate,1.0,0.0,0.0,1.0,False
2025-04-11,3.8,0.069243590780495,4631.62,320.71,Investigate,0.99,0.01,0.0,0.99,False
2025-04-12,24.0,0.0696967687366304,1809.84,126.14,Investigate,1.0,0.0,0.0,1.0,False
2025-04-13,34.7,0.0710778078601404,4913.77,349.26,Investigate,0.9966666666666667,0.0,0.003333333333333333,0.9966666666666667,True
2025-04-14,19.8,0.0704446987996242,3939.97,277.55,Investigate,1.0,0.0,0.0,1.0,False
2025-04-15,24.9,0.0707394206756342,4730.46,334.63,Investigate,0.9966666666666667,0.0,0.003333333333333333,0.9966666666666667,True
2025-04-16,10.9,0.0701765403961688,4776.81,335.22,Investigate,0.995,0.005,0.0,0.995,False
2025-04-17,0.8,0.0686375969517172,4599.52,315.7,Investigate,1.0,0.0,0.0,1.0,False
2025-04-18,0.0,0.0573056987978192,4628.51,265.24,Investigate,1.0,0.0,0.0,1.0,False
2025-04-19,6.7,0.0695135302629872,4320.31,300.32,Investigate,0.985,0.015,0.0,0.985,False
2025-04-20,28.1,0.0708059798272065,4434.23,313.97,Investigate,1.0,0.0,0.0,1.0,True
2025-04-21,40.9,0.0712193981943785,3937.27,280.41,Investigate,1.0,0.0,0.0,1.0,True
2025-04-22,27.6,0.0706636265528801,3241.13,229.03,Investigate,1.0,0.0,0.0,1.0,True
2025-04-23,12.3,0.0699880152639071,4363.89,305.42,Investigate,0.995,0.005,0.0,0.995,False
2025-04-24,1.3,0.0687736525285979,4309.79,296.4,Investigate,0.99,0.01,0.0,0.99,False
2025-04-25,2.5,0.0689815725770572,4166.62,287.42,Investigate,0.99,0.01,0.0,0.99,False
2025-04-26,1.2,0.0683059627016104,3967.15,270.98,Investigate,1.0,0.0,0.0,1.0,False
2025-04-27,0.4,0.0682767979454686,4075.03,278.23,Investigate,1.0,0.0,0.0,1.0,False
2025-04-28,16.900000000000002,0.0700768555887327,3363.45,235.7,Investigate,1.0,0.0,0.0,1.0,False
2025-04-29,7.9,0.0690989690108506,3144.62,217.29,Investigate,0.99,0.01,0.0,0.99,False
2025-04-30,6.6000000000000005,0.0690348367518951,2974.73,205.36,Investigate,0.99,0.01,0.0,0.99,False
2025-05-01,21.8,0.0700553325123665,2765.1,193.71,Investigate,1.0,0.0,0.0,1.0,False
2025-05-02,5.0,0.0686062676687582,2985.15,204.8,Investigate,1.0,0.0,0.0,1.0,False
2025-05-03,0.3,0.0668526652135585,3931.93,262.86,Investigate,1.0,0.0,0.0,1.0,False
2025-05-04,0.0,0.0671219343543108,3937.61,264.3,Investigate,1.0,0.0,0.0,1.0,False
2025-05-05,0.8,0.0680367197076565,3820.29,259.92,Investigate,1.0,0.0,0.0,1.0,False
2025-05-06,1.7999999999999998,0.0684011827265427,3787.8,259.09,Investigate,1.0,0.0,0.0,1.0,False
2025-05-07,0.1,0.0671303453123675,3460.73,232.32,Investigate,1.0,0.0,0.0,1.0,False
2025-05-08,2.6,0.0687749011917862,3679.54,253.06,Investigate,0.99,0.01,0.0,0.99,False
2025-05-09,11.7,0.06969451184132,3230.24,225.13,Investigate,0.995,0.005,0.0,0.995,False
2025-05-10,47.1,0.0713757627135307,1920.68,137.09,Investigate,0.99,0.0,0.01,0.99,True
2025-05-11,44.0,0.0713216695739527,3621.48,258.29,Investigate,1.0,0.0,0.0,1.0,True
2025-05-12,36.8,0.0711051267407829,3252.93,231.3,Investigate,1.0,0.0,0.0,1.0,True
2025-05-13,19.5,0.0702426991929811,3583.86,251.74,Investigate,1.0,0.0,0.0,1.0,False
2025-05-14,32.0,0.0707997454182577,3394.08,240.3,Investigate,1.0,0.0,0.0,1.0,True
2025-05-15,5.800000000000001,0.0691873730157368,3357.26,232.28,Investigate,0.99,0.01,0.0,0.99,False
2025-05-16,14.000000000000002,0.0697558514596775,3290.62,229.54,Investigate,1.0,0.0,0.0,1.0,False
2025-05-17,16.1,0.0699027617913253,3218.9,225.01,Investigate,1.0,0.0,0.0,1.0,False
2025-05-18,37.3,0.0707598597134799,1953.65,138.24,Investigate,1.0,0.0,0.0,1.0,True
2025-05-19,28.6,0.0703167944820621,2019.29,141.99,Investigate,1.0,0.0,0.0,1.0,False
2025-05-20,24.6,0.0651763854694056,498.34,32.48,Investigate,1.0,0.0,0.0,1.0,False
2025-05-21,30.0,0.0692420647716009,1062.36,73.56,Investigate,1.0,0.0,0.0,1.0,False
2025-05-22,10.8,0.0697146719227169,3106.95,216.6,Investigate,0.995,0.005,0.0,0.995,False
2025-05-23,21.4,0.0703052365733614,3312.84,232.91,Investigate,1.0,0.0,0.0,1.0,False
2025-05-24,10.0,0.0695024205683747,3238.88,225.11,Investigate,0.985,0.015,0.0,0.985,False
2025-05-25,25.4,0.0706393029644764,3209.12,226.69,Investigate,1.0,0.0,0.0,1.0,True
2025-05-26,42.3,0.0712746381283435,2222.67,158.42,Investigate,1.0,0.0,0.0,1.0,True
2025-05-27,24.7,0.0704623743912759,3132.31,220.71,Investigate,1.0,0.0,0.0,1.0,False
2025-05-28,31.9,0.0700388577762771,1477.18,103.46,Investigate,1.0,0.0,0.0,1.0,False
2025-05-29,37.2,0.071044594637858,2730.82,194.01,Investigate,1.0,0.0,0.0,1.0,True
2025-05-30,39.900000000000006,0.071040155569091,2467.9,175.32,Investigate,1.0,0.0,0.0,1.0,True
2025-05-31,37.9,0.0707211605129188,1792.25,126.75,Investigate,1.0,0.0,0.0,1.0,True
2025-06-01,31.5,0.0697694016166632,1305.3,91.07,Investigate,1.0,0.0,0.0,1.0,False
2025-06-02,29.4,0.0705361246590725,2153.79,151.92,Investigate,1.0,0.0,0.0,1.0,False
2025-06-03,23.3,0.0672360001226323,756.44,50.86,Investigate,1.0,0.0,0.0,1.0,False
2025-06-04,49.7,0.0715694606803927,3117.95,223.15,Investigate,0.99,0.0,0.01,0.99,True
2025-06-05,38.2,0.0710454521139993,3020.32,214.58,Investigate,1.0,0.0,0.0,1.0,True
2025-06-06,35.3,0.070287380445659,1402.67,98.59,Investigate,1.0,0.0,0.0,1.0,False
2025-06-07,26.8,0.0668555333011784,607.13,40.59,Investigate,1.0,0.0,0.0,1.0,False
2025-06-08,52.6,0.0717050617276341,1754.13,125.78,Investigate,0.95,0.0,0.05,0.95,True
2025-06-09,45.8,0.0713476686210346,2330.84,166.3,Investigate,1.0,0.0,0.0,1.0,True
2025-06-10,42.4,0.071271164190618,2935.97,209.25,Investigate,1.0,0.0,0.0,1.0,True
2025-06-11,24.0,0.0704781987380184,2940.2,207.22,Investigate,1.0,0.0,0.0,1.0,False
2025-06-12,15.5,0.0698630417606843,2926.44,204.45,Investigate,1.0,0.0,0.0,1.0,False
2025-06-13,12.1,0.0695888826755448,2836.66,197.4,Investigate,0.995,0.005,0.0,0.995,False
2025-06-14,28.1,0.0705400026474336,2844.06,200.62,Investigate,1.0,0.0,0.0,1.0,False
2025-06-15,28.3,0.0705691299458424,2678.65,189.03,Investigate,1.0,0.0,0.0,1.0,True
2025-06-16,21.6,0.0685884172778583,1150.34,78.9,Investigate,1.0,0.0,0.0,1.0,False
2025-06-17,31.9,0.0702200876270515,1740.67,122.23,Investigate,1.0,0.0,0.0,1.0,False
2025-06-18,39.900000000000006,0.0710694833431009,2194.05,155.93,Investigate,1.0,0.0,0.0,1.0,True
2025-06-19,40.6,0.0707832892941372,1632.73,115.57,Investigate,1.0,0.0,0.0,1.0,True
2025-06-20,26.5,0.0703005935147254,2303.11,161.91,Investigate,1.0,0.0,0.0,1.0,False
2025-06-21,23.0,0.0704326822435882,2873.24,202.37,Investigate,1.0,0.0,0.0,1.0,False
2025-06-22,27.200000000000003,0.0694271675041771,1286.24,89.3,Investigate,1.0,0.0,0.0,1.0,False
2025-06-23,34.599999999999994,0.0702598435307355,1332.34,93.61,Investigate,1.0,0.0,0.0,1.0,False
2025-06-24,37.4,0.0710219116631103,2682.13,190.49,Investigate,1.0,0.0,0.0,1.0,True
2025-06-25,24.0,0.0607265434440257,294.27,17.87,Investigate,1.0,0.0,0.0,1.0,False
2025-06-26,43.1,0.0713061983183538,2048.77,146.09,Investigate,1.0,0.0,0.0,1.0,True
2025-06-27,35.4,0.0703594116522849,1149.1,80.85,Investigate,1.0,0.0,0.0,1.0,False
2025-06-28,40.9,0.0705802320363503,1249.5,88.19,Investigate,1.0,0.0,0.0,1.0,True
2025-06-29,18.8,0.069569562322139,2081.37,144.8,Investigate,1.0,0.0,0.0,1.0,False
2025-06-30,21.3,0.0701528513650219,2796.18,196.16,Investigate,1.0,0.0,0.0,1.0,False
2025-07-01,37.7,0.0704459255739985,1336.77,94.17,Investigate,1.0,0.0,0.0,1.0,False
2025-07-02,28.7,0.0696298259296218,1282.64,89.31,Investigate,1.0,0.0,0.0,1.0,False
2025-07-03,31.0,0.069781335826836,1255.35,87.6,Investigate,1.0,0.0,0.0,1.0,False
2025-07-04,26.700000000000003,0.0673069239404482,625.79,42.12,Investigate,1.0,0.0,0.0,1.0,False
2025-07-05,41.2,0.0708258065024078,1145.91,81.16,Investigate,1.0,0.0,0.0,1.0,True
2025-07-06,36.9,0.0708197584160426,2127.09,150.64,Investigate,1.0,0.0,0.0,1.0,True
2025-07-07,30.9,0.0706279592988325,2576.6,181.98,Investigate,1.0,0.0,0.0,1.0,True
2025-07-08,13.3,0.0696829256557103,2969.02,206.89,Investigate,1.0,0.0,0.0,1.0,False
2025-07-09,38.6,0.0708695213766074,2679.29,189.88,Investigate,1.0,0.0,0.0,1.0,True
2025-07-10,30.6,0.0700873229671731,1485.29,104.1,Investigate,1.0,0.0,0.0,1.0,False
2025-07-11,36.6,0.0706604902562533,1921.3,135.76,Investigate,1.0,0.0,0.0,1.0,True
2025-07-12,21.4,0.070161076179257,3163.72,221.97,Investigate,1.0,0.0,0.0,1.0,False
2025-07-13,29.7,0.0704386028502153,2471.94,174.12,Investigate,1.0,0.0,0.0,1.0,False
2025-07-14,33.2,0.070856745237373,2472.03,175.16,Investigate,1.0,0.0,0.0,1.0,True
2025-07-15,32.9,0.0703385542676331,1937.06,136.25,Investigate,1.0,0.0,0.0,1.0,False
2025-07-16,16.900000000000002,0.0698099558621924,2543.62,177.57,Investigate,1.0,0.0,0.0,1.0,False
2025-07-17,35.4,0.0707456884295228,2027.12,143.41,Investigate,1.0,0.0,0.0,1.0,True
2025-07-18,31.2,0.070729112441766,2575.46,182.16,Investigate,1.0,0.0,0.0,1.0,True
2025-07-19,9.6,0.0695145114054384,3306.36,229.84,Investigate,0.985,0.015,0.0,0.985,False
2025-07-20,16.5,0.0700671490521353,3300.12,231.23,Investigate,1.0,0.0,0.0,1.0,False
2025-07-21,28.6,0.0703504940080903,2463.38,173.3,Investigate,1.0,0.0,0.0,1.0,False
2025-07-22,18.8,0.0702230832104544,3365.56,236.34,Investigate,1.0,0.0,0.0,1.0,False
2025-07-23,14.2,0.069827631610323,3226.23,225.28,Investigate,1.0,0.0,0.0,1.0,False
2025-07-24,31.7,0.0703939021741603,1923.32,135.39,Investigate,1.0,0.0,0.0,1.0,False
2025-07-25,31.7,0.0707215777447486,2443.95,172.84,Investigate,1.0,0.0,0.0,1.0,True
2025-07-26,30.3,0.0706831495252384,3280.98,231.91,Investigate,1.0,0.0,0.0,1.0,True
2025-07-27,11.2,0.0697340414636381,3481.37,242.77,Investigate,0.995,0.005,0.0,0.995,False
2025-07-28,2.9000000000000004,0.0686607437404272,3483.65,239.19,Investigate,0.99,0.01,0.0,0.99,False
2025-07-29,5.3,0.0686020946702667,2888.25,198.14,Investigate,1.0,0.0,0.0,1.0,False
2025-07-30,30.7,0.0697626250528803,1351.87,94.31,Investigate,1.0,0.0,0.0,1.0,False
2025-07-31,40.2,0.0711864645402383,2838.18,202.04,Investigate,1.0,0.0,0.0,1.0,True
2025-08-01,35.4,0.0710557545170529,3724.54,264.65,Investigate,1.0,0.0,0.0,1.0,True
2025-08-02,4.1000000000000005,0.068887275348042,3525.76,242.88,Investigate,0.99,0.01,0.0,0.99,False
2025-08-03,36.8,0.0708609650947497,2616.25,185.39,Investigate,1.0,0.0,0.0,1.0,True
2025-08-04,19.7,0.0670896887527886,819.5,54.98,Investigate,1.0,0.0,0.0,1.0,False
2025-08-05,38.8,0.0710690372973198,3164.81,224.92,Investigate,1.0,0.0,0.0,1.0,True
2025-08-06,36.6,0.0710127833593453,3145.49,223.37,Investigate,1.0,0.0,0.0,1.0,True
2025-08-07,14.7,0.0697556643956921,2961.91,206.61,Investigate,1.0,0.0,0.0,1.0,False
2025-08-08,15.2,0.07006570801827,3352.71,234.91,Investigate,1.0,0.0,0.0,1.0,False
2025-08-09,32.1,0.0706602381060787,2486.83,175.72,Investigate,1.0,0.0,0.0,1.0,True
2025-08-10,25.5,0.070298017409676,2686.42,188.85,Investigate,1.0,0.0,0.0,1.0,False
2025-08-11,29.2,0.0706851125950868,3146.49,222.41,Investigate,1.0,0.0,0.0,1.0,True
2025-08-12,13.900000000000002,0.0700045826256128,3731.47,261.22,Investigate,1.0,0.0,0.0,1.0,False
2025-08-13,7.000000000000001,0.069560407832445,4158.4,289.26,Investigate,0.985,0.015,0.0,0.985,False
2025-08-14,23.8,0.0704594058333076,3609.88,254.35,Investigate,1.0,0.0,0.0,1.0,False
2025-08-15,30.3,0.0706475269709449,2654.87,187.56,Investigate,1.0,0.0,0.0,1.0,True
2025-08-16,27.4,0.070314392557426,2435.49,171.25,Investigate,1.0,0.0,0.0,1.0,False
2025-08-17,1.1,0.0686746534603743,4253.68,292.12,Investigate,0.99,0.01,0.0,0.99,False
2025-08-18,19.8,0.0702170427556607,3293.36,231.25,Investigate,1.0,0.0,0.0,1.0,False
2025-08-19,5.9,0.069524737452149,4156.65,288.99,Investigate,0.985,0.015,0.0,0.985,False
2025-08-20,18.7,0.0701502477978501,3468.27,243.3,Investigate,1.0,0.0,0.0,1.0,False
2025-08-21,16.7,0.0701631577359763,3757.1,263.61,Investigate,1.0,0.0,0.0,1.0,False
2025-08-22,22.2,0.0705209573256697,3805.11,268.34,Investigate,1.0,0.0,0.0,1.0,False
2025-08-23,48.8,0.0714820389116789,2484.82,177.62,Investigate,1.0,0.0,0.0,1.0,True
2025-08-24,12.5,0.0699544188231795,4106.96,287.3,Investigate,0.995,0.005,0.0,0.995,False
2025-08-25,9.5,0.0698651889501242,4565.65,318.98,Investigate,0.985,0.015,0.0,0.985,False
2025-08-26,25.0,0.0707352504861451,3978.78,281.44,Investigate,1.0,0.0,0.0,1.0,True
2025-08-27,14.6,0.0702191013584117,4725.21,331.8,Investigate,1.0,0.0,0.0,1.0,False
2025-08-28,0.4,0.0679767858567004,4412.83,299.97,Investigate,1.0,0.0,0.0,1.0,False
2025-08-29,2.0,0.0690402243734129,4652.65,321.22,Investigate,0.99,0.01,0.0,0.99,False
2025-08-30,0.5,0.0682664775503007,4850.99,331.16,Investigate,1.0,0.0,0.0,1.0,False
2025-08-31,0.8999999999999999,0.0688090151865661,4845.15,333.39,Investigate,0.99,0.01,0.0,0.99,False
2025-09-01,0.5,0.0684292440383127,5095.19,348.66,Investigate,0.9975,0.0025,0.0,0.9975,False
2025-09-02,3.1,0.0691263251068129,4387.33,303.28,Investigate,0.99,0.01,0.0,0.99,False
2025-09-03,1.6,0.0687560644569627,4400.63,302.57,Investigate,0.99,0.01,0.0,0.99,False
2025-09-04,27.1,0.0695538057241254,1386.84,96.46,Investigate,1.0,0.0,0.0,1.0,False
2025-09-05,1.2,0.068805497377756,4880.86,335.83,Investigate,0.99,0.01,0.0,0.99,False
2025-09-06,5.5,0.0696850814258947,5240.72,365.2,Investigate,0.9723333333333334,0.015,0.012666666666666666,0.9723333333333334,False
2025-09-07,20.6,0.070517470981918,4783.07,337.29,Investigate,1.0,0.0,0.0,1.0,False
2025-09-08,0.0,0.0677584333021519,5070.07,343.54,Investigate,1.0,0.0,0.0,1.0,False
2025-09-09,2.1,0.0688844772890113,4548.63,313.33,Investigate,0.99,0.01,0.0,0.99,False
2025-09-10,12.5,0.0683941216440821,1557.59,106.53,Investigate,1.0,0.0,0.0,1.0,False
2025-09-11,5.2,0.0686107887288545,2671.3,183.28,Investigate,1.0,0.0,0.0,1.0,False
2025-09-12,2.7,0.0691360297374517,5431.9,375.54,Investigate,0.9773333333333334,0.01,0.012666666666666666,0.9773333333333334,False
2025-09-13,1.0,0.0688408214581774,5395.2,371.41,Investigate,0.9773333333333334,0.01,0.012666666666666666,0.9773333333333334,False
2025-09-14,0.0,0.067713314531955,5510.29,373.12,Investigate,0.9873333333333334,0.0,0.012666666666666666,0.9873333333333334,False
2025-09-15,5.0,0.0680569623220755,2329.96,158.57,Investigate,1.0,0.0,0.0,1.0,False
2025-09-16,0.3,0.0683444328912681,5208.91,356.0,Investigate,0.9975,0.0025,0.0,0.9975,False
2025-09-17,0.0,0.0654280037259976,3653.94,239.07,Investigate,1.0,0.0,0.0,1.0,False
2025-09-18,0.4,0.0681867478646525,5762.85,392.95,Investigate,0.9768571428571429,0.0,0.023142857142857142,0.9768571428571429,False
2025-09-19,0.8,0.0681280512129405,4784.96,325.99,Investigate,1.0,0.0,0.0,1.0,False
2025-09-20,0.1,0.0679505261512227,5657.94,384.46,Investigate,0.9840000000000001,0.0,0.016,0.9840000000000001,False
2025-09-21,20.4,0.0698559426060534,2315.05,161.72,Investigate,1.0,0.0,0.0,1.0,False
2025-09-22,1.6,0.0691603559020516,5705.87,394.62,Investigate,0.9740000000000001,0.01,0.016,0.9740000000000001,False
2025-09-23,22.3,0.0705574239950575,4272.69,301.47,Investigate,1.0,0.0,0.0,1.0,False
2025-09-24,13.900000000000002,0.0703164828618844,6218.03,437.23,Investigate,0.9806666666666666,0.01,0.009333333333333334,0.9806666666666666,False
2025-09-25,1.0,0.0690838889382221,6257.32,432.28,Investigate,0.9706666666666667,0.02,0.009333333333333334,0.9706666666666667,False
2025-09-26,1.1,0.0687977081024269,6324.92,435.14,Investigate,0.9706666666666667,0.02,0.009333333333333334,0.9706666666666667,False
2025-09-27,0.0,0.0673581256984069,6257.3,421.48,Investigate,0.9906666666666666,0.0,0.009333333333333334,0.9906666666666666,False
2025-09-28,0.0,0.0674734968596554,5708.76,385.19,Investigate,0.9840000000000001,0.0,0.016,0.9840000000000001,False
2025-09-29,0.1,0.0674977996073955,6351.17,428.69,Investigate,0.9906666666666666,0.0,0.009333333333333334,0.9906666666666666,False
2025-09-30,0.0,0.0655661384088112,5949.87,390.11,Investigate,0.9768571428571429,0.0,0.023142857142857142,0.9768571428571429,False
2025-10-01,1.5,0.0680843114254598,3158.29,215.03,Investigate,1.0,0.0,0.0,1.0,False
2025-10-02,0.0,0.0677557720320159,6628.07,449.09,Investigate,0.9790000000000001,0.015,0.006,0.9790000000000001,False
2025-10-03,0.0,0.0659427890923066,6701.87,441.94,Investigate,0.9806666666666666,0.01,0.009333333333333334,0.9806666666666666,False
2025-10-04,0.0,0.0668327540539157,6217.61,415.54,Investigate,0.9906666666666666,0.0,0.009333333333333334,0.9906666666666666,False
2025-10-05,0.0,0.0665832368206436,6744.19,449.05,Investigate,0.9790000000000001,0.015,0.006,0.9790000000000001,False
2025-10-06,7.1,0.0696055519142047,4214.75,293.37,Investigate,0.985,0.015,0.0,0.985,False
2025-10-07,2.6,0.0692320769686116,4882.13,338.0,Investigate,0.99,0.01,0.0,0.99,False
2025-10-08,0.0,0.0674967920110568,6499.42,438.69,Investigate,0.9806666666666666,0.01,0.009333333333333334,0.9806666666666666,False
2025-10-09,0.0,0.0675302562727719,6906.83,466.42,Investigate,0.8708333333333332,0.12916666666666665,0.0,0.8708333333333332,False
2025-10-10,0.3,0.0685816581073788,7060.78,484.24,Investigate,0.8466666666666666,0.15333333333333335,0.0,0.8466666666666666,False
2025-10-11,0.0,0.0672128565650585,5778.21,388.37,Investigate,0.9768571428571429,0.0,0.023142857142857142,0.9768571428571429,False
2025-10-12,0.0,0.0684106781593089,7006.07,479.29,Investigate,0.915,0.085,0.0,0.915,False
2025-10-13,0.0,0.0678342712569423,6336.62,429.84,Investigate,0.9906666666666666,0.0,0.009333333333333334,0.9906666666666666,False
2025-10-14,0.0,0.0661546757090147,6268.34,414.68,Investigate,0.9906666666666666,0.0,0.009333333333333334,0.9906666666666666,False
2025-10-15,0.0,0.0675825545918582,4932.19,333.33,Investigate,1.0,0.0,0.0,1.0,False
2025-10-16,0.2,0.0681446095096788,6547.84,446.2,Investigate,0.9756666666666667,0.015,0.009333333333333334,0.9756666666666667,False
2025-10-17,0.0,0.0665221457631178,6896.35,458.76,Investigate,0.8758333333333332,0.12416666666666666,0.0,0.8758333333333332,False
2025-10-18,0.0,0.0660453693833658,6352.3,419.54,Investigate,0.9906666666666666,0.0,0.009333333333333334,0.9906666666666666,False
2025-10-19,0.0,0.0682115310424168,7396.55,504.53,Investigate,0.84,0.16,0.0,0.84,False
2025-10-20,0.0,0.0674043982157905,7456.19,502.58,Investigate,0.84,0.16,0.0,0.84,False
2025-10-21,0.0,0.0664322679323798,7485.82,497.3,Investigate,0.8733333333333334,0.12666666666666665,0.0,0.8733333333333334,False
2025-10-22,0.0,0.0645761498482827,7320.04,472.7,Investigate,0.9533333333333333,0.04666666666666666,0.0,0.9533333333333333,False
2025-10-23,0.0,0.0666682908894029,6156.75,410.46,Investigate,0.9906666666666666,0.0,0.009333333333333334,0.9906666666666666,False
2025-10-24,0.0,0.0671412076214113,7309.52,490.77,Investigate,0.8816666666666667,0.11833333333333335,0.0,0.8816666666666667,False
2025-10-25,0.0,0.0662109757789203,6529.28,432.31,Investigate,0.9806666666666666,0.01,0.009333333333333334,0.9806666666666666,False
2025-10-26,0.0,0.0657460972238784,7683.65,505.17,Investigate,0.84,0.16,0.0,0.84,False
2025-10-27,0.0,0.0675154781269837,7206.94,486.58,Investigate,0.9233333333333335,0.07666666666666667,0.0,0.9233333333333335,False
2025-10-28,0.0,0.0675489399195524,7813.15,527.77,Investigate,0.8533333333333334,0.14666666666666667,0.0,0.8533333333333334,False
2025-10-29,0.1,0.0680724298242178,7922.15,539.28,Investigate,0.915,0.085,0.0,0.915,False
2025-10-30,0.0,0.0649640619323159,7766.14,504.52,Investigate,0.875,0.125,0.0,0.875,False
2025-10-31,0.0,0.0663809568077775,6869.44,456.0,Investigate,0.8848333333333334,0.10916666666666666,0.006,0.8848333333333334,False
2025-11-01,0.0,0.0664459432979297,8037.21,534.04,Investigate,0.915,0.085,0.0,0.915,False
2025-11-02,0.0,0.0669713126963564,8068.38,540.35,Investigate,0.915,0.085,0.0,0.915,False
2025-11-03,0.0,0.0662092358641633,8007.04,530.14,Investigate,0.915,0.085,0.0,0.915,False
2025-11-04,0.0,0.0672130943096046,8021.8,539.17,Investigate,0.915,0.085,0.0,0.915,False
2025-11-05,0.0,0.0667702440428421,8071.26,538.92,Investigate,0.915,0.085,0.0,0.915,False
2025-11-06,0.0,0.0655609581097281,7920.11,519.25,Investigate,0.925,0.075,0.0,0.925,False
2025-11-07,0.0,0.0649363447119516,7915.29,513.99,Investigate,0.95,0.05,0.0,0.95,False
2025-11-08,0.0,0.0646896011765002,5697.67,368.58,Investigate,0.9840000000000001,0.0,0.016,0.9840000000000001,False
2025-11-09,0.0,0.0651797922624004,6625.98,431.88,Investigate,0.9866666666666667,0.01,0.003333333333333333,0.9866666666666667,False
2025-11-10,0.0,0.0651861289816579,5368.32,349.94,Investigate,1.0,0.0,0.0,1.0,False
2025-11-11,0.0,0.0640248210922794,7783.7,498.35,Investigate,0.9083333333333333,0.09166666666666667,0.0,0.9083333333333333,False
2025-11-12,0.0,0.0651358174372728,6824.97,444.55,Investigate,0.9706666666666667,0.02,0.009333333333333334,0.9706666666666667,False
2025-11-13,0.0,0.0656340268990448,8246.18,541.23,Investigate,0.97,0.03,0.0,0.97,False
2025-11-14,0.0,0.0672425481263245,7154.25,481.07,Investigate,0.9516666666666667,0.04833333333333333,0.0,0.9516666666666667,False
2025-11-15,0.0,0.0669243456389209,8172.96,546.97,Investigate,0.96,0.04,0.0,0.96,False
2025-11-16,0.0,0.0668519634138282,8199.46,548.15,Investigate,0.96,0.04,0.0,0.96,False
2025-11-17,0.0,0.0660473210976575,8159.15,538.89,Investigate,0.96,0.04,0.0,0.96,False
2025-11-18,0.0,0.0667397504181456,8264.49,551.57,Investigate,0.96,0.04,0.0,0.96,False
2025-11-19,0.0,0.0664702646545957,8126.19,540.15,Investigate,0.95,0.05,0.0,0.95,False
2025-11-20,0.0,0.0630810880044465,8266.82,521.48,Investigate,0.995,0.005,0.0,0.995,False
2025-11-21,0.0,0.0664267931417719,8218.22,545.91,Investigate,0.96,0.04,0.0,0.96,False
2025-11-22,0.0,0.065593597080423,8111.31,532.05,Investigate,0.955,0.045,0.0,0.955,False
2025-11-23,0.0,0.0661223915181754,8240.93,544.91,Investigate,0.96,0.04,0.0,0.96,False
2025-11-24,0.0,0.0657767147118877,8353.26,549.45,Investigate,0.96,0.04,0.0,0.96,False
2025-11-25,0.0,0.0625153431184721,8391.38,524.59,Investigate,0.995,0.005,0.0,0.995,False
2025-11-26,0.0,0.0657516760902082,8225.95,540.87,Investigate,0.96,0.04,0.0,0.96,False
2025-11-27,0.0,0.0648352242765758,7208.89,467.39,Investigate,0.965,0.034999999999999996,0.0,0.965,False
2025-11-28,0.0,0.0652823844362349,7887.12,514.89,Investigate,0.895,0.105,0.0,0.895,False
2025-11-29,0.0,0.0625234243404488,7977.81,498.8,Investigate,0.9466666666666665,0.05333333333333334,0.0,0.9466666666666665,False
2025-11-30,0.0,0.0643548887168911,8384.6,539.59,Investigate,0.995,0.005,0.0,0.995,False
2025-12-01,0.0,0.0646924695898751,8209.92,531.12,Investigate,0.995,0.005,0.0,0.995,False
2025-12-02,0.0,0.0638772677130245,8370.74,534.7,Investigate,0.995,0.005,0.0,0.995,False
2025-12-03,0.0,0.0642960638982661,7853.98,504.98,Investigate,0.8916666666666666,0.10833333333333332,0.0,0.8916666666666666,False
2025-12-04,0.0,0.0617001910509532,8316.83,513.15,Investigate,0.995,0.005,0.0,0.995,False
2025-12-05,0.0,0.064595898665308,8290.0,535.5,Investigate,0.995,0.005,0.0,0.995,False
2025-12-06,0.0,0.0653682842822648,8497.24,555.45,Investigate,0.99,0.01,0.0,0.99,False
2025-12-07,0.0,0.0645225077951881,7332.79,473.13,Investigate,0.9533333333333333,0.04666666666666666,0.0,0.9533333333333333,False
2025-12-08,0.0,0.0641895727794638,8454.8,542.71,Investigate,0.995,0.005,0.0,0.995,False
2025-12-09,0.0,0.0631365468574807,7189.18,453.9,Investigate,0.98,0.02,0.0,0.98,False
2025-12-10,0.0,0.0636101631906913,8483.55,539.64,Investigate,0.995,0.005,0.0,0.995,False
2025-12-11,0.0,0.0628854205199708,7363.71,463.07,Investigate,0.9533333333333333,0.04666666666666666,0.0,0.9533333333333333,False
2025-12-12,0.0,0.06074408449841,5405.3,328.34,Investigate,1.0,0.0,0.0,1.0,False
2025-12-13,0.0,0.0651111085302741,8635.7,562.28,Investigate,0.995,0.005,0.0,0.995,False
2025-12-14,0.0,0.0654690153435373,9009.3,589.83,Investigate,0.97,0.03,0.0,0.97,False
2025-12-15,0.0,0.0653901835786152,8875.95,580.4,Investigate,0.99,0.01,0.0,0.99,False
2025-12-16,0.0,0.0656293847706105,7932.27,520.59,Investigate,0.925,0.075,0.0,0.925,False
2025-12-17,0.0,0.064352375844395,7377.35,474.75,Investigate,0.9533333333333333,0.04666666666666666,0.0,0.9533333333333333,False
2025-12-18,0.0,0.0662106001652666,8893.44,588.84,Investigate,0.96,0.04,0.0,0.96,False
2025-12-19,0.0,0.0660565282407021,9011.07,595.24,Investigate,0.96,0.04,0.0,0.96,False
2025-12-20,0.0,0.0656278850062874,8957.93,587.89,Investigate,0.97,0.03,0.0,0.97,False
2025-12-21,0.0,0.0646613237066349,8737.99,565.01,Investigate,0.995,0.005,0.0,0.995,False
2025-12-22,0.0,0.0650893390856,8748.13,569.41,Investigate,0.995,0.005,0.0,0.995,False
2025-12-23,0.0,0.0653061172655662,7887.01,515.07,Investigate,0.87,0.13,0.0,0.87,False
2025-12-24,0.0,0.0658997657244144,8861.64,583.98,Investigate,0.96,0.04,0.0,0.96,False
2025-12-25,0.0,0.0651891587246199,8731.82,569.22,Investigate,0.995,0.005,0.0,0.995,False
2025-12-26,0.0,0.0659846803106475,7996.25,527.63,Investigate,0.915,0.085,0.0,0.915,False
2025-12-27,0.0,0.0657242882546193,8780.62,577.1,Investigate,0.96,0.04,0.0,0.96,False
2025-12-28,0.0,0.0652132360563487,8789.32,573.18,Investigate,0.995,0.005,0.0,0.995,False
2025-12-29,0.0,0.0635833121570393,8621.13,548.16,Investigate,0.995,0.005,0.0,0.995,False
2025-12-30,0.0,0.064433830580341,8489.95,547.04,Investigate,0.995,0.005,0.0,0.995,False
2025-12-31,0.0,0.0665680361952871,6644.33,442.3,Investigate,0.9806666666666666,0.01,0.009333333333333334,0.9806666666666666,False
